SRPOG.KEY$,SRPOG.POGID%,SRPOG.ACT.DATE$,SRPOG.DEACT.DATE$,SRPOG.DESCRIPTION$,SRPOG.PLANNER.FAMILY$,SRPOG.MODULE.COUNT%,SRPOG.CAT.DBKEY%,SRPOG.KEY.LEVEL%,SRPOG.LIVE.RPT.CNT%,SRPOG.DATE.RPT.CNT$,SRPOG.PEND.RPT.CNT%,SRPOG.CAT1.ID%,SRPOG.CAT2.ID%,SRPOG.CAT3.ID%,SRPOG.FILLER$
9<300800,511,20150824,21991231,BathAccs5                     ,Bathing Accessories           ,5,100028660,3,1,20151223,1,1,2,8660, 
<3840800,307503,20151125,20151229,#BarryM Hot Spot Stock POG    ,Barry M                       ,1,-1,3,1,20151223,255,1,6819,10967, 
3>:<0800,301331,20160106,20160202,FragSS1                       ,Ladies Fine Fragrance         ,1,-1,3,255,20151223,1,1,6819,10681, 
1:9<0800,461179,20160120,21991231,Rimmel R&R 4 Mod              ,Rimmel                        ,4,100020027,3,255,20151223,1,1,2,27, 
75=;0100,121717,20060820,21991231,AD Card Kiosk                 ,AD Card                       ,1,168199167,3,2,20151223,2,1,6819,9167, 
9=:10800,10057,20151209,20160105,BabyEnd2                      ,Baby SP G End                 ,1,168197090,3,1,20151223,1,1,6819,7090, 
86990800,461158,20151111,21991231,SEVENTEEN R&R 3 Mod           ,Seventeen                     ,3,100020027,3,1,20151223,1,1,2,27, 
9?9?0800,10046,20151230,20160119,CosEnd1                       ,Cosmetics SP G End            ,1,-1,3,255,20151223,2,1,6819,10967, 
61;80800,20228,20151230,20160202,WMD mid                       ,Mid Gondola                   ,1,168197115,3,255,20151223,2,1,6819,7115, 
73020800,522726,20150921,21991231,HomeFrag3                     ,Home Fragrance                ,3,100029642,3,1,20151223,255,1,2,9642, 
;520800,458308,20151102,21991231,PMeds 1                       ,Pharmacy Medicines Drawer     ,1,100020022,3,255,20151223,1,1,2,22, 
<39>0800,20472,20160120,21991231,Pers Wash Mid                 ,Mid Gondola                   ,1,168197115,3,255,20151223,1,1,6819,7115, 
6:80800,98743,20151230,20160119,ToilEnd2                      ,Toiletries SP G End           ,1,168197090,3,255,20151223,2,1,6819,7090, 
0=930800,301900,20151111,20160105,TOD1FRONT                     ,Tod                           ,1,-1,3,1,20151223,1,1,6819,10681, 
<>840800,307528,20151125,20151229,0000307528                    ,L Oreal SS Cos                ,1,-1,3,1,20151223,255,1,6819,10967, 
=>990800,96308,20151125,20151229,Skin 3 Mid GL                 ,Mid Gondola                   ,1,168197115,3,1,20151223,255,1,6819,7115, 
93:50800,491161,20160203,21991231,0000491161                    ,Photo SP G End                ,1,168197090,3,255,20151223,1,1,6819,7090, 
:=950800,20477,20151125,20151229,Dental Mid GL                 ,Mid Gondola                   ,1,168197115,3,1,20151223,255,1,6819,7115, 
3;970800,490946,20151125,20151229,0000490946                    ,Toiletries SP G End           ,1,168197090,3,1,20151223,255,1,6819,7090, 
529<0800,252310,20160120,20160202,H1N1FSDU2 1                   ,BFSDUs                        ,1,168197072,3,255,20151223,1,1,6819,7072, 
27020800,521960,20150921,21991231,GiftGFSD                      ,Christmas Flexible Space      ,1,100029642,3,3,20151223,255,1,2,9642, 
2?360800,235082,20150810,21991231,DC 3                          ,Digestive Care                ,3,100020022,3,1,20151223,1,1,2,22, 
<:880800,348749,20160111,21991231,Minis1                        ,Miniatures                    ,1,100020034,3,255,20151223,1,1,2,34, 
04:40800,96312,20160120,21991231,Dep Mid                       ,Mid Gondola                   ,1,168197115,3,255,20151223,1,1,6819,7115, 
40;40800,347152,20151230,21991231,HOT                           ,Impulse                       ,1,-1,3,255,20151223,2,1,6819,10071, 
19:0800,367379,20160120,21991231,Cosmetic Promo                ,No7 Hotspot                   ,1,-1,3,255,20151223,1,1,6819,10967, 
909;0800,442799,20160120,21991231,CTU 4-7                       ,No7 SP Counter                ,1,-1,3,255,20151223,2,1,6819,10967, 
7=:30800,301900,20160106,21991231,TOD1FRONT                     ,Tod                           ,1,-1,3,255,20151223,1,1,6819,10681, 
8;3<0200,135654,20070519,21991231,HH1 Services Menu Ladder      ,Healthchecks                  ,1,168207521,3,1,20151223,1,1,6820,7521, 
96;70800,13112,20160120,21991231,BFSDU                         ,BFSDUs                        ,1,168197072,3,255,20151223,1,1,6819,7072, 
949;0800,96310,20160120,21991231,Skin 1 Mid GL                 ,Mid Gondola                   ,1,168197115,3,255,20151223,1,1,6819,7115, 
359?0800,23768,20160203,21991231,Vits mid                      ,Mid Gondola                   ,1,168197115,3,255,20151223,1,1,6819,7115, 
65950800,367379,20151125,20151229,Cosmetic Promo                ,No7 Hotspot                   ,1,-1,3,1,20151223,255,1,6819,10967, 
459<0800,31731,20151111,20151229,CLIP7                         ,Clipstrips                    ,1,168199456,3,1,20151223,255,1,6819,9456, 
0>;90800,491130,20151230,20160202,3WayHCSPEnd4L                 ,Healthcare SP G End           ,1,168197090,3,255,20151223,2,1,6819,7090, 
;;900800,341464,20151230,20160119,Soap&Glory Hot Spot Stock POG ,Soap And Glory SS Cosmetics   ,1,-1,3,255,20151223,2,1,6819,10967, 
78020800,519550,20150921,21991231,Innov3                        ,Innovation Novelty And Mens Ac,3,100029642,3,1,20151223,255,1,2,9642, 
:=:50800,404708,20160203,21991231,SmokingSPMid                  ,Mid Gondola                   ,1,168197115,3,255,20151223,1,1,6819,7115, 
41390800,521925,20151111,21991231,FlexSp14                      ,Christmas Flexible Space      ,1,100029642,3,1,20151223,255,1,2,9642, 
:4030800,522687,20150921,21991231,MenTG13                       ,Mens Toiletry Gift            ,13,100029642,3,1,20151223,255,1,2,9642, 
:29>0800,96313,20160120,21991231,HBD 1 Mid GL                  ,Mid Gondola                   ,1,168197115,3,255,20151223,1,1,6819,7115, 
60920800,440468,20160111,21991231,S/Tan9                        ,Self Tan                      ,9,100028343,3,255,20151223,1,1,2,8343, 
97:10800,23802,20151209,20160105,0000023802                    ,Mid Gondola                   ,1,168197115,3,1,20151223,1,1,6819,7115, 
;2:90800,96309,20151230,20160119,Skin 1 Mid GL                 ,Mid Gondola                   ,1,168197115,3,255,20151223,2,1,6819,7115, 
08;90800,491139,20151230,20160202,0000491139                    ,Healthcare SP G End           ,1,168197090,3,255,20151223,2,1,6819,7090, 
;:920800,521919,20151111,21991231,FlexSp9                       ,Christmas Flexible Space      ,1,100029642,3,1,20151223,255,1,2,9642, 
<?:<0800,491061,20151230,20160119,0000491061                    ,Toiletries SP G End           ,1,168197090,3,255,20151223,2,1,6819,7090, 
;3;80800,20221,20151230,20160202,Fam plan mid                  ,Mid Gondola                   ,1,168197115,3,255,20151223,2,1,6819,7115, 
51870800,307568,20151125,20151229,Rimmel Cosmetics Hot Spot LGE ,Rimmel SS Cosmetics           ,1,-1,3,1,20151223,255,1,6819,10967, 
:89=0800,209019,20160120,21991231,BFSDU                         ,BFSDUs                        ,1,168197072,3,255,20151223,1,1,6819,7072, 
3?:<0800,301332,20160106,20160202,FragSS1                       ,Mens Fine Fragrance           ,1,-1,3,255,20151223,1,1,6819,10681, 
2?9<0800,12978,20160120,21991231,BFSDU                         ,BFSDUs                        ,1,168197072,3,255,20151223,1,1,6819,7072, 
=29<0800,413583,20160120,21991231,Premskinmid                   ,Mid Gondola                   ,1,168197115,3,255,20151223,1,1,6819,7115, 
:=:<0800,96313,20151230,20160119,HBD 1 Mid GL                  ,Mid Gondola                   ,1,168197115,3,255,20151223,2,1,6819,7115, 
48950800,209005,20151125,20151229,IQMFSDU1                      ,IQM FSDU                      ,1,168197081,3,1,20151223,255,1,6819,7081, 
77950800,369161,20151125,20151229,Branded FSDU                  ,BFSDUs                        ,1,-1,3,1,20151223,255,1,6819,10967, 
=3:30800,491139,20160203,21991231,0000491139                    ,Healthcare SP G End           ,1,168197090,3,255,20151223,1,1,6819,7090, 
;=::0800,21429,20151230,20160119,BFSDU                         ,BFSDUs                        ,1,168197072,3,255,20151223,2,1,6819,7072, 
;9:<0800,20474,20151230,20160119,Deods mid                     ,Mid Gondola                   ,1,168197115,3,255,20151223,2,1,6819,7115, 
>0:<0800,491066,20151230,20160119,0000491066                    ,Toiletries SP G End           ,1,168197090,3,255,20151223,2,1,6819,7090, 
8=9?0800,471002,20151230,20160105,No7HiddenGems1                ,No7 Counter Unit              ,1,-1,3,255,20151223,2,1,6819,10967, 
>39=0800,491151,20151209,20151229,0000491151                    ,Healthcare SP G End           ,1,168197090,3,1,20151223,255,1,6819,7090, 
0>9>0800,20219,20151209,20151229,C&C MID                       ,Mid Gondola                   ,1,168197115,3,1,20151223,255,1,6819,7115, 
;<1?0800,441657,20150722,21991231,Skin Promo 2                  ,No7 SP Counter                ,1,-1,3,1,20151223,1,1,6819,10967, 
63:30800,329344,20160106,21991231,frgunit1                      ,Tod                           ,2,-1,3,255,20151223,1,1,6819,10681, 
79;30800,491161,20160106,20160202,0000491161                    ,Photo SP G End                ,1,168197090,3,255,20151223,1,1,6819,7090, 
34970800,12978,20151125,20151229,BFSDU                         ,BFSDUs                        ,1,168197072,3,1,20151223,255,1,6819,7072, 
;>9=0800,491061,20160120,21991231,0000491061                    ,Toiletries SP G End           ,1,168197090,3,255,20151223,1,1,6819,7090, 
9;0=0700,266635,20140416,21991231,Miss Sporty R&R 1Mod          ,Miss Sporty SS Cosmetics      ,1,100020027,3,1,20151223,1,1,2,27, 
596=0800,147094,20151014,20160105,P.Club 1                      ,Parenting Club                ,1,100020006,3,1,20151223,1,1,2,6, 
289>0800,491146,20151209,20151229,0000491146                    ,Healthcare SP G End           ,1,168197090,3,1,20151223,255,1,6819,7090, 
;2330700,465978,20140426,21991231,0000465978                    ,No7 Cos                       ,1,-1,3,1,20151223,1,1,6819,10967, 
35970800,12973,20151125,20151229,BFSDU                         ,BFSDUs                        ,1,168197072,3,1,20151223,255,1,6819,7072, 
40970800,98743,20151125,20151229,ToilEnd2                      ,Toiletries SP G End           ,1,168197090,3,1,20151223,255,1,6819,7090, 
>6980800,31731,20151230,20160119,CLIP7                         ,Clipstrips                    ,1,168199456,3,255,20151223,2,1,6819,9456, 
<28:0800,139968,20151230,20160119,PPS6G                         ,Prime Promotional Site        ,6,168198701,3,255,20151223,2,1,6819,8701, 
60970800,491072,20151125,20151229,0000491072                    ,Toiletries SP G End           ,1,168197090,3,1,20151223,255,1,6819,7090, 
154<0800,212786,20150727,21991231,Inco 2G                       ,Incontinence Healthcare       ,2,100020008,3,1,20151223,1,1,2,8, 
7:930800,307549,20151230,20160119,Miss Sporty Hot Spot Stock POG,Miss Sporty SS Cosmetics      ,1,-1,3,255,20151223,2,1,6819,10967, 
91:<0800,20478,20151230,20160119,Dental 2 Mid GL               ,Mid Gondola                   ,1,168197115,3,255,20151223,2,1,6819,7115, 
82:10800,199580,20151209,20160105,Nappy BFSDU1                  ,BFSDUs                        ,1,168197072,3,1,20151223,1,1,6819,7072, 
:0690800,117670,20151014,21991231,TILL1                         ,Chem Counter Impulse Unit     ,1,168199456,3,3,20151223,255,1,6819,9456, 
39=0800,491150,20151209,20151229,0000491150                    ,Healthcare SP G End           ,1,168197090,3,1,20151223,255,1,6819,7090, 
=5:30800,491152,20160203,21991231,0000491152                    ,Healthcare SP G End           ,1,168197090,3,255,20151223,1,1,6819,7090, 
<6::0800,209020,20151230,20160119,BFSDU                         ,BFSDUs                        ,1,168197072,3,255,20151223,2,1,6819,7072, 
19930800,301912,20151111,20160105,TOD2FRONT                     ,Tod                           ,1,-1,3,1,20151223,1,1,6819,10681, 
39:10800,21414,20160106,20160119,BFSDU                         ,BFSDUs                        ,1,168190000,2,255,20151223,1,1,6819,0, 
66:10800,301332,20151209,20160105,FragSS1                       ,Mens Fine Fragrance           ,1,-1,3,1,20151223,1,1,6819,10681, 
0>:70800,363635,20160120,21991231,Razors&Blades200              ,Mid Gondola                   ,1,168197115,3,255,20151223,1,1,6819,7115, 
:;=30700,179452,20150518,21991231,ChilBsk2                      ,Snacks                        ,1,168199456,3,1,20151223,1,1,6819,9456, 
64900800,307528,20151230,20160119,0000307528                    ,L Oreal SS Cos                ,1,-1,3,255,20151223,2,1,6819,10967, 
02940800,444451,20160120,21991231,Sun Preps Mid                 ,Mid Gondola                   ,1,168197115,3,255,20151223,1,1,6819,7115, 
=990800,486314,20151125,20151229,BFSDU                         ,BFSDUs                        ,1,168197072,3,1,20151223,255,1,6819,7072, 
;5;80800,20220,20151230,20160202,Eye mid                       ,Mid Gondola                   ,1,168197115,3,255,20151223,2,1,6819,7115, 
6?;80800,540045,20151230,20160202,Hlth Bkwll Mid3               ,Mid Gondola                   ,1,168197115,3,255,20151223,2,1,6819,7115, 
0=;90800,491144,20151230,20160202,0000491144                    ,Healthcare SP G End           ,1,168197090,3,255,20151223,2,1,6819,7090, 
:<=30700,179449,20150518,21991231,ChilBsk3                      ,Snacks                        ,1,168199456,3,1,20151223,1,1,6819,9456, 
10910800,523583,20151226,21991231,St/GEnd                       ,Christmas Flexible Space      ,1,100029642,3,255,20151223,1,1,2,9642, 
8:9=0800,20221,20151209,20151229,Fam plan mid                  ,Mid Gondola                   ,1,168197115,3,1,20151223,255,1,6819,7115, 
49=20500,6408,20120702,21991231,Bounty Pack Large             ,Bounty Packs                  ,1,168207523,3,1,20151223,1,1,6820,7523, 
8=9:0800,139968,20160120,20160208,PPS6G                         ,Prime Promotional Site        ,6,168198701,3,255,20151223,1,1,6819,8701, 
9450800,9760,20150810,21991231,Pers Wash 8                   ,Personal Wash                 ,8,100020034,3,1,20151223,1,1,2,34, 
796=0800,3950,20160125,21991231,BFood9                        ,Baby Food                     ,9,100020006,3,255,20151223,1,1,2,6, 
26:90800,98763,20151230,20160119,Toil1 FSDU                    ,Toiletries SP FSDU            ,1,168197081,3,255,20151223,2,1,6819,7081, 
29:50600,123977,20130918,21991231,UNIT1                         ,Chem Counter Impulse Unit     ,1,168199456,3,2,20151223,255,1,6819,9456, 
:?4>0700,280596,20150921,21991231,GCGESP1                       ,Gift Card Mall                ,1,100020004,3,1,20151223,1,1,2,4, 
74;30800,491162,20160106,20160202,0000491162                    ,Photo SP G End                ,1,168197090,3,255,20151223,1,1,6819,7090, 
48??0700,518877,20150921,21991231,GiftFood6                     ,Gardening And Gift Food       ,6,100029642,3,1,20151223,255,1,2,9642, 
52020800,523575,20150921,21991231,FragTw2                       ,Christmas Flexible Space      ,1,100029642,3,1,20151223,255,1,2,9642, 
<7890800,488695,20160111,21991231,ChildSeas5                    ,Childrens Seasonal            ,5,100028343,3,255,20151223,1,1,2,8343, 
5=9=0800,491060,20160120,21991231,0000491060                    ,Toiletries SP G End           ,1,168197090,3,255,20151223,1,1,6819,7090, 
>19=0800,213646,20160120,21991231,DEN3MG                        ,Mid Gondola                   ,1,168197115,3,255,20151223,1,1,6819,7115, 
75930800,307513,20151230,20160119,Collection 2000 Cosmetics Hot ,Collection 2000 Cosmetics     ,1,-1,3,255,20151223,2,1,6819,10967, 
84860800,527390,20151007,21991231,Psercntr                      ,Photo Services                ,1,168207527,3,1,20151223,255,1,6820,7527, 
=>:20800,491146,20160203,21991231,3WayHCGE2C                    ,Healthcare SP G End           ,1,168197090,3,255,20151223,1,1,6819,7090, 
3>350800,3434,20150907,20160103,WM Diet 4                     ,Weight Management And Dietary ,4,100020010,3,1,20151223,255,1,2,10, 
279>0800,13011,20151209,20151229,BFSDU                         ,BFSDUs                        ,1,168197072,3,1,20151223,255,1,6819,7072, 
75;>0800,553140,20160111,21991231,HomeFrag2                     ,Home Fragrance                ,2,100020004,3,255,20151223,1,1,2,4, 
<?840800,307529,20151125,20151229,0000307529                    ,L Oreal SS Cos                ,1,-1,3,1,20151223,255,1,6819,10967, 
8?:?0800,491051,20160120,21991231,0000491051                    ,Toiletries SP G End           ,1,168197090,3,255,20151223,1,1,6819,7090, 
295=0700,395253,20140903,21991231,No7 BFSDU1                    ,BFSDU's                       ,1,-1,3,1,20151223,1,1,6819,10967, 
879>0800,74882,20160120,21991231,Prof hair mid                 ,Mid Gondola                   ,1,168197115,3,255,20151223,1,1,6819,7115, 
6;0?0700,268417,20140319,21991231,Rimmel R&R 4Mod               ,Rimmel SS Cosmetics           ,1,100020027,3,1,20151223,1,1,2,27, 
8>9<0800,491069,20160120,21991231,3WayTGE7C                     ,Toiletries SP G End           ,1,168197090,3,255,20151223,1,1,6819,7090, 
95>60700,443093,20150513,21991231,CTU 9-12                      ,No7 SP Counter                ,1,-1,3,1,20151223,1,1,6819,10967, 
10480800,137549,20151019,21991231,Pain3                         ,Pain Relief                   ,3,100020022,3,1,20151223,1,1,2,22, 
5;80800,491143,20151230,20160202,0000491143                    ,Healthcare SP G End           ,1,168197090,3,255,20151223,2,1,6819,7090, 
3?:=0800,103948,20160106,20160202,Snack Mid                     ,Mid Gondola                   ,1,168197115,3,255,20151223,1,1,6819,7115, 
8950800,20472,20151125,20151229,Pers Wash Mid                 ,Mid Gondola                   ,1,168197115,3,1,20151223,255,1,6819,7115, 
9=9:0800,461132,20160120,21991231,Revlon R&R 2 Mod              ,Revlon                        ,2,100020027,3,255,20151223,1,1,2,27, 
>:60800,12960,20160203,21991231,BFSDU                         ,BFSDUs                        ,1,168197072,3,255,20151223,1,1,6819,7072, 
1<930800,301923,20151111,20160105,TOD4BACK                      ,Tod                           ,1,-1,3,1,20151223,1,1,6819,10681, 
=4910800,498992,20151125,21991231,BBEBFSDU2                     ,BFSDUs                        ,1,168197072,3,1,20151223,2,1,6819,7072, 
3?950800,44041,20151125,20151229,Ind Bath Mid                  ,Mid Gondola                   ,1,168197115,3,1,20151223,255,1,6819,7115, 
=950800,74882,20151125,20151229,Prof hair mid                 ,Mid Gondola                   ,1,168197115,3,1,20151223,255,1,6819,7115, 
5?:10800,22605,20151209,20160105,Mass Frag Mid                 ,Mid Gondola                   ,1,168197115,3,1,20151223,1,1,6819,7115, 
58310800,446071,20150921,20160110,Greetings7                    ,Greetings                     ,7,100020004,3,255,20151223,1,1,2,4, 
73:80700,4378,20150105,20160103,Walkers1                      ,Walkers                       ,1,100020021,3,1,20151223,255,1,2,21, 
5:830800,464985,20160104,21991231,Drinks 2K                     ,Drinks                        ,2,100020021,3,255,20151223,1,1,2,21, 
93:<0800,213646,20151230,20160119,Dent3                         ,Mid Gondola                   ,1,168190000,2,255,20151223,2,1,6819,0, 
=7920800,4075,20151111,20151229,IQM4+W                        ,IQM                           ,5,-1,3,1,20151223,255,1,6819,10071, 
66:30800,21429,20160120,21991231,BFSDU                         ,BFSDUs                        ,1,168197072,3,255,20151223,1,1,6819,7072, 
9?2=0800,461212,20150819,20160202,LOreal 4 Mod R&R              ,L Oreal                       ,4,100020027,3,1,20151223,1,1,2,27, 
=48:0800,553140,20160104,20160110,HomeFrag2                     ,Home Fragrance                ,2,100020004,3,255,20151223,1,1,2,4, 
;89=0800,24417,20160120,21991231,Mens Mid                      ,Mid Gondola                   ,1,168197115,3,255,20151223,1,1,6819,7115, 
867;0800,237482,20160102,21991231,Footcare4G                    ,Footcare                      ,4,100020008,3,255,20151223,1,1,2,8, 
059>0800,12999,20151209,20151229,BFSDU                         ,BFSDUs                        ,1,168197072,3,1,20151223,255,1,6819,7072, 
9>9;0800,10057,20160120,20160202,BabyEnd2                      ,Baby SP G End                 ,1,168197090,3,255,20151223,1,1,6819,7090, 
31:90800,13112,20151230,20160119,BFSDU                         ,BFSDUs                        ,1,168197072,3,255,20151223,2,1,6819,7072, 
869;0800,367383,20160120,21991231,Wall Lectern                  ,No7 SP Lectern                ,1,-1,3,255,20151223,1,1,6819,10967, 
<7:>0800,461090,20160217,21991231,BarryM R&R 1 Mod              ,Barry M                       ,1,100020027,3,255,20151223,1,1,2,27, 
26420800,229302,20151005,20160207,Hair Colours 11               ,Hair Colours                  ,11,100020019,3,1,20151223,1,1,2,19, 
65460800,461132,20150902,20160119,Revlon R&R 2 Mod              ,Revlon                        ,2,100020027,3,1,20151223,1,1,2,27, 
45770800,201169,20151005,20160207,MassSham&Cond9                ,Mass Shampoo And Conditioners ,9,100020019,3,1,20151223,1,1,2,19, 
65;80800,169018,20151230,20160202,Hlth Bkwll Mid                ,Mid Gondola                   ,1,168197115,3,255,20151223,2,1,6819,7115, 
07;90800,13011,20151230,20160202,BFSDU                         ,BFSDUs                        ,1,168197072,3,255,20151223,2,1,6819,7072, 
5910800,200891,20160104,21991231,MenFFCab5NoChn                ,Mens Fine Fragrance Cabinet Ex,5,100020015,3,255,20151223,1,1,2,15, 
7=930800,307569,20151230,20160119,Rimmel Cosmetics Hot Spot LGE ,Rimmel SS Cosmetics           ,1,-1,3,255,20151223,2,1,6819,10967, 
94950800,20479,20151125,20151229,Femc mid                      ,Mid Gondola                   ,1,168197115,3,1,20151223,255,1,6819,7115, 
<?6<0800,14212,20150921,20160110,KidToil1                      ,Kids Toiletries               ,1,100020034,3,1,20151223,1,1,2,34, 
<7910800,11733,20160104,21991231,MassFrag2                     ,Mass Fragrance                ,2,100020015,3,255,20151223,1,1,2,15, 
63;20800,461110,20160217,21991231,Collection R&R 1 Mod          ,Collection                    ,1,100020027,3,255,20151223,1,1,2,27, 
:950800,491051,20151125,20151229,3WayTGE5R                     ,Toiletries SP G End           ,1,168197090,3,1,20151223,255,1,6819,7090, 
>3950800,20286,20151125,20151229,ShmpCond Mid                  ,Mid Gondola                   ,1,168197115,3,1,20151223,255,1,6819,7115, 
82:30800,301914,20160106,21991231,TOD3FRONT                     ,Tod                           ,1,-1,3,255,20151223,1,1,6819,10681, 
12::0700,465976,20141231,21991231,0000465976                    ,No7 Cos                       ,1,-1,3,1,20151223,1,1,6819,10967, 
3=9<0800,192824,20160120,21991231,Colours Mid                   ,Mid Gondola                   ,1,168197115,3,255,20151223,1,1,6819,7115, 
6=;80800,173078,20151230,20160202,Hlth Bkwll Mid                ,Mid Gondola                   ,1,168197115,3,255,20151223,2,1,6819,7115, 
7:950800,442799,20151125,20151229,CTU 4-7                       ,No7 SP Counter                ,1,-1,3,2,20151223,255,1,6819,10967, 
9>?=0700,98744,20150516,21991231,3WayHCGE2                     ,Healthcare SP G End           ,1,168197090,3,1,20151223,1,1,6819,7090, 
:>980800,96308,20160120,21991231,Skin 1 Mid GL                 ,Mid Gondola                   ,1,168197115,3,255,20151223,1,1,6819,7115, 
>:3<0800,87798,20150921,21991231,ElecFemGroom2                 ,Electrical Female Grooming    ,2,100020012,3,1,20151223,1,1,2,12, 
15:60800,491144,20160203,21991231,0000491144                    ,Healthcare SP G End           ,1,168197090,3,255,20151223,1,1,6819,7090, 
3>970800,491035,20151125,20151229,0000491035                    ,Toiletries SP G End           ,1,168197090,3,1,20151223,255,1,6819,7090, 
7?7<0800,3434,20160104,21991231,WM Diet 4                     ,Weight Management And Dietary ,4,100020010,3,255,20151223,1,1,2,10, 
<0980800,217789,20151230,21991231,T-B Bowl                      ,IQM                           ,1,-1,3,255,20151223,2,1,6819,10071, 
28080700,352162,20140205,21991231,WSpace40                      ,Miscellaneous                 ,10,168199456,3,1,20151223,255,1,6819,9456, 
513=0800,518987,20150921,21991231,Frag6G                        ,Fine Fragrance Coffrets       ,6,100029642,3,1,20151223,255,1,2,9642, 
8<9>0800,10048,20160120,21991231,Cos End 3                     ,Cosmetics SP G End            ,1,168197090,3,255,20151223,1,1,6819,7090, 
840=0700,262500,20140416,21991231,BarryM R&R 1Mod               ,BarryM                        ,1,100020027,3,1,20151223,1,1,2,27, 
;070800,504082,20150526,21991231,BBEBFSDU3                     ,BFSDUs                        ,1,168197072,3,255,20151223,1,1,6819,7072, 
>1:60800,461212,20160203,21991231,LOreal 4 Mod R&R              ,L Oreal                       ,4,100020027,3,255,20151223,1,1,2,27, 
=?;:0800,159366,20160106,21991231,PClbFSDU                      ,Parenting Club                ,1,100020006,3,255,20151223,1,1,2,6, 
87:<0800,20286,20151230,20160119,ShmpCond Mid                  ,Mid Gondola                   ,1,168197115,3,255,20151223,2,1,6819,7115, 
26?0800,368679,20151028,20151229,No7 7J Wall                   ,No7 Cos                       ,7,100020024,3,1,20151223,255,1,2,24, 
;=:>0800,444446,20151230,20160119,Sun Preps Mid                 ,Mid Gondola                   ,1,168197115,3,255,20151223,1,1,6819,7115, 
=>840800,307556,20151125,20151229,Essie Hot Spot Stock POG      ,Essie SS Cosmetics            ,1,-1,3,1,20151223,255,1,6819,10967, 
:2:10800,98745,20151209,20160105,BabyEnd1                      ,Baby SP G End                 ,1,168197090,3,1,20151223,1,1,6819,7090, 
<9020800,1178,20150824,21991231,Hosiery4                      ,Hosiery                       ,4,100028660,3,1,20151223,1,1,2,8660, 
1=930800,301920,20151111,20160105,TOD4FRONT                     ,Tod                           ,1,-1,3,1,20151223,1,1,6819,10681, 
59970800,491044,20151125,20151229,3WayTGE4L                     ,Toiletries SP G End           ,1,168197090,3,1,20151223,255,1,6819,7090, 
3<9?0800,307500,20151230,20160119,17 Cosmetics Hot Spot LGE 1 St,17 SS Cosmetics               ,1,-1,3,255,20151223,2,1,6819,10967, 
8<:<0800,192824,20151230,20160119,CMG2                          ,Mid Gondola                   ,1,168197115,3,255,20151223,2,1,6819,7115, 
>69;0800,20293,20160120,21991231,ShmpCond Mid                  ,Mid Gondola                   ,1,168197115,3,255,20151223,1,1,6819,7115, 
6<870800,341464,20151125,20151229,Soap&Glory Hot Spot Stock POG ,Soap And Glory SS Cosmetics   ,1,-1,3,1,20151223,255,1,6819,10967, 
=230800,416428,20150727,21991231,Tena1                         ,Incontinence Healthcare       ,1,100020008,3,1,20151223,1,1,2,8, 
>0990800,394035,20151125,20151229,MG                            ,Mid Gondola                   ,1,168197115,3,1,20151223,255,1,6819,7115, 
15;50800,31731,20160120,21991231,CLIP7                         ,Clipstrips                    ,1,168199456,3,255,20151223,1,1,6819,9456, 
59:70800,103948,20160203,21991231,Snack Mid                     ,Mid Gondola                   ,1,168197115,3,255,20151223,1,1,6819,7115, 
44950800,249755,20151125,20151229,Ind Bath Mid                  ,Mid Gondola                   ,1,168197115,3,1,20151223,255,1,6819,7115, 
7::30800,301911,20160106,21991231,TOD1BACK                      ,Tod                           ,1,-1,3,255,20151223,1,1,6819,10681, 
=:840800,307543,20151125,20151229,0000307543                    ,Maybelline SS Cosmetics       ,1,-1,3,1,20151223,255,1,6819,10967, 
==9=0800,491162,20151209,20160105,0000491162                    ,Photo SP G End                ,1,168197090,3,1,20151223,1,1,6819,7090, 
979;0800,491066,20160120,21991231,3WayTGE7L                     ,Toiletries SP G End           ,1,168197090,3,255,20151223,1,1,6819,7090, 
:39=0800,20378,20160120,21991231,Hair & Styling mid            ,Mid Gondola                   ,1,168197115,3,255,20151223,1,1,6819,7115, 
17:40800,209020,20160120,21991231,BFSDU                         ,BFSDUs                        ,1,168197072,3,255,20151223,1,1,6819,7072, 
<;80800,491150,20151230,20160202,0000491150                    ,Healthcare SP G End           ,1,168197090,3,255,20151223,2,1,6819,7090, 
6<640800,461145,20150930,21991231,Soap & Glory R&R 1 Mod        ,Soap And Glory                ,1,100020027,3,1,20151223,1,1,2,27, 
1:930800,301916,20151111,20160105,TOD3BACK                      ,Tod                           ,1,-1,3,1,20151223,1,1,6819,10681, 
:5930800,367430,20160111,21991231,S/Tan1                        ,Self Tan In Skincare          ,1,100028343,3,255,20151223,1,1,2,8343, 
019=0800,301912,20160106,20160202,TOD2FRONT                     ,Tod                           ,1,-1,3,255,20151223,1,1,6819,10681, 
>?7=0800,537577,20151019,21991231,PFS8G2006                     ,Premium Facial Skincare       ,8,100028243,3,1,20151223,1,1,2,8243, 
889>0800,444517,20160120,21991231,Sun Preps Mid                 ,Mid Gondola                   ,1,168197115,3,255,20151223,1,1,6819,7115, 
40:<0800,22605,20160106,20160202,Mass Frag Mid                 ,Mid Gondola                   ,1,168197115,3,255,20151223,1,1,6819,7115, 
08870500,362248,20120121,21991231,MCGrap2                       ,Mini Club                     ,2,100020005,3,1,20151223,1,1,2,5, 
18100800,237482,20150824,20160101,Footcare4G                    ,Footcare                      ,4,100020008,3,1,20151223,255,1,2,8, 
233;0800,450862,20150710,21991231,Phtkiosk                      ,Photo Kiosk                   ,1,168207527,3,1,20151223,1,1,6820,7527, 
=0:60800,307560,20160120,21991231,Revlon Cosmetics Hot Spot Stoc,Revlon SS Cosmetics           ,1,-1,3,255,20151223,1,1,6819,10967, 
89:<0800,209005,20151230,20160119,IQMFSDU1                      ,IQM FSDU                      ,1,168197081,3,255,20151223,2,1,6819,7081, 
06890100,4265,20060130,21991231,Film Processing Counter 2.0C  ,Film Processing Counter       ,1,100020025,3,1,20151223,1,1,2,25, 
68550800,458670,20151005,20160103,Snacks 3                      ,Snacks                        ,3,100020021,3,1,20151223,255,1,2,21, 
66790700,245361,20140913,21991231,0000245361                    ,Emergency Pog                 ,1,168207526,3,1,20151223,1,1,6820,7526, 
0?910800,523583,20151218,20151225,St/GEnd                       ,Christmas Flexible Space      ,1,100029642,3,1,20151223,255,1,2,9642, 
>9=0800,491137,20151209,20151229,0000491137                    ,Healthcare SP G End           ,1,168197090,3,1,20151223,255,1,6819,7090, 
550;0700,265830,20140416,21991231,Essie R&R 1Mod                ,Essie SS Cosmetics            ,1,100020027,3,1,20151223,1,1,2,27, 
62:10800,10080,20151209,20160105,EBtyEnd1                      ,EB SP G End                   ,1,168197090,3,1,20151223,1,1,6819,7090, 
>79=0800,491152,20151209,20151229,0000491152                    ,Healthcare SP G End           ,1,168197090,3,1,20151223,255,1,6819,7090, 
;5710800,466460,20151005,20160103,Chi'd K1                      ,Chilled Food                  ,1,100020021,3,1,20151223,255,1,2,21, 
9=9<0800,21714,20160120,21991231,Tiss Mid                      ,Mid Gondola                   ,1,168197115,3,255,20151223,1,1,6819,7115, 
10:40800,209006,20160120,21991231,IQMFSDU2                      ,IQM FSDU                      ,1,168197081,3,255,20151223,1,1,6819,7081, 
4?020800,523570,20151111,21991231,FlexSp4                       ,Christmas Flexible Space      ,2,100029642,3,1,20151223,255,1,2,9642, 
>?990800,24417,20151125,20151229,Mens Mid                      ,Mid Gondola                   ,1,168197115,3,1,20151223,255,1,6819,7115, 
:1340800,2078,20150907,21991231,Tissues 3                     ,Tissues                       ,3,100020013,3,1,20151223,1,1,2,13, 
<8450800,296932,20150824,21991231,C&C 4                         ,Cough And Colds               ,4,100020022,3,1,20151223,1,1,2,22, 
5::90800,363635,20151230,20160119,Razors&Blades200              ,Mid Gondola                   ,1,168197115,3,255,20151223,2,1,6819,7115, 
73310700,465975,20140514,21991231,0000465975                    ,BFSDU's                       ,1,-1,3,1,20151223,1,1,6819,10967, 
5<5=0800,27802,20151014,20160105,JML E1                        ,JML                           ,1,-1,3,1,20151223,1,1,6819,10071, 
3:??0700,518856,20150921,21991231,XGreet1                       ,Christmas Greetings           ,1,100029642,3,1,20151223,255,1,2,9642, 
4?870800,307549,20151125,20151229,Miss Sporty Hot Spot Stock POG,Miss Sporty SS Cosmetics      ,1,-1,3,1,20151223,255,1,6819,10967, 
;8890800,451700,20151017,20160110,BSunOld                       ,Sun Preparations              ,1,100028343,3,255,20151223,1,1,2,8343, 
99980800,20477,20160120,21991231,Dental Mid GL                 ,Mid Gondola                   ,1,168197115,3,255,20151223,1,1,6819,7115, 
253=0800,236951,20150824,21991231,Child Health 2                ,Childrens Health              ,2,100020022,3,1,20151223,1,1,2,22, 
681=0800,506605,20150615,21991231,Wipes 3                       ,Wipes                         ,3,100020006,3,1,20151223,1,1,2,6, 
6:4<0800,546,20150824,21991231,BtyAccs6                      ,Beauty Accessories            ,6,100028660,3,1,20151223,255,1,2,8660, 
08:40800,307543,20160120,21991231,0000307543                    ,Maybelline SS Cosmetics       ,1,-1,3,255,20151223,1,1,6819,10967, 
699:0800,498998,20151125,20151229,BBEBFSDU15                    ,BFSDUs                        ,1,168197072,3,1,20151223,255,1,6819,7072, 
6<900800,307543,20151230,20160119,0000307543                    ,Maybelline SS Cosmetics       ,1,-1,3,255,20151223,2,1,6819,10967, 
50:10800,461198,20160106,21991231,Maybelline R&R 3 Mod          ,Maybelline                    ,3,100020027,3,255,20151223,1,1,2,27, 
7950800,491067,20151125,20151229,0000491067                    ,Toiletries SP G End           ,1,168197090,3,1,20151223,255,1,6819,7090, 
239>0800,491144,20151209,20151229,0000491144                    ,Healthcare SP G End           ,1,168197090,3,1,20151223,255,1,6819,7090, 
65:00800,486314,20160120,21991231,BFSDU                         ,BFSDUs                        ,1,168197072,3,255,20151223,1,1,6819,7072, 
17:=0800,471003,20160106,20160119,No7HiddenGems2                ,No7 Counter Unit              ,1,-1,3,255,20151223,1,1,6819,10967, 
7;110800,414597,20150518,21991231,FNS1                          ,Healthy Food                  ,1,100020021,3,1,20151223,1,1,2,21, 
02:70800,412599,20160203,21991231,0000412599                    ,Mid Gondola                   ,1,168197115,3,255,20151223,1,1,6819,7115, 
24500800,6559,20150916,21991231,GCD                           ,Gift Card                     ,1,168207524,3,1,20151223,1,1,6820,7524, 
2;8?0800,394035,20151230,20160119,MG                            ,Mid Gondola                   ,1,168197115,3,255,20151223,2,1,6819,7115, 
;4:60800,307503,20160120,21991231,#BarryM Hot Spot Stock POG    ,Barry M                       ,1,-1,3,255,20151223,1,1,6819,10967, 
45000800,522027,20150921,21991231,LExc17                        ,Ladies Exclusives             ,17,100029642,3,1,20151223,255,1,2,9642, 
:=000800,518721,20150921,21991231,Herit4                        ,Ladies Heritage               ,4,100029642,3,1,20151223,255,1,2,9642, 
<4:60800,307511,20160120,21991231,Bourjois Cosmetics Hot Spot LG,Bourjois SS Cosmetics         ,1,-1,3,255,20151223,1,1,6819,10967, 
32150700,4361,20140305,21991231,Prem Greet 1                  ,Premium Greetings             ,1,100020004,3,1,20151223,1,1,2,4, 
6?880800,390642,20151017,20160110,SeaComp1                      ,EB Summer Composite           ,1,100028343,3,255,20151223,1,1,2,8343, 
;79=0800,96309,20160120,21991231,Skin 1 Mid GL                 ,Mid Gondola                   ,1,168197115,3,255,20151223,1,1,6819,7115, 
65:10800,301331,20151209,20160105,FragSS1                       ,Ladies Fine Fragrance         ,1,-1,3,1,20151223,1,1,6819,10681, 
>:;:0800,147094,20160106,21991231,P.Club 1                      ,Parenting Club                ,1,100020006,3,255,20151223,1,1,2,6, 
>5::0800,209021,20151230,20160119,BFSDU                         ,BFSDUs                        ,1,168197072,3,255,20151223,2,1,6819,7072, 
74310700,465974,20140514,21991231,0000465974                    ,BFSDU's                       ,1,-1,3,1,20151223,1,1,6819,10967, 
3:890100,12757,20060130,21991231,Kodak Kiosk Slimline 1.0Z     ,Kodak Kiosk                   ,1,100020025,3,1,20151223,1,1,2,25, 
7990800,21139,20151125,20151229,Mens Mid                      ,Mid Gondola                   ,1,168197115,3,1,20151223,255,1,6819,7115, 
;09>0800,461100,20160120,21991231,Bourjois R&R 2 Mod            ,Bourjois                      ,2,100020027,3,255,20151223,1,1,2,27, 
=<950800,491066,20151125,20151229,0000491066                    ,Toiletries SP G End           ,1,168197090,3,1,20151223,255,1,6819,7090, 
069>0800,252309,20151209,20151229,H1N1FSDU1 1                   ,BFSDUs                        ,1,168197072,3,1,20151223,255,1,6819,7072, 
:2950800,213646,20151125,20151229,Dent3                         ,Mid Gondola                   ,1,168190000,2,1,20151223,255,1,6819,0, 
6=:10800,329344,20151209,20160105,frgunit1                      ,Tod                           ,2,-1,3,1,20151223,1,1,6819,10681, 
=;80800,491146,20151230,20160202,3WayHCGE2C                    ,Healthcare SP G End           ,1,168197090,3,255,20151223,2,1,6819,7090, 
0=6:0800,11733,20150907,20160103,MassFrag2                     ,Mass Fragrance                ,2,100020015,3,1,20151223,255,1,2,15, 
:0980800,491062,20160120,21991231,3WayTGE6C                     ,Toiletries SP G End           ,1,168197090,3,255,20151223,1,1,6819,7090, 
029<0800,98763,20160120,21991231,Toil1 FSDU                    ,Toiletries SP FSDU            ,1,168197081,3,255,20151223,1,1,6819,7081, 
77;30800,491163,20160106,20160202,0000491163                    ,Photo SP G End                ,1,168197090,3,255,20151223,1,1,6819,7090, 
:=980800,491045,20160120,21991231,3WayTGE4C                     ,Toiletries SP G End           ,1,168197090,3,255,20151223,1,1,6819,7090, 
83:30800,301923,20160106,21991231,TOD4BACK                      ,Tod                           ,1,-1,3,255,20151223,1,1,6819,10681, 
85:<0800,96312,20151230,20160119,Dep Mid                       ,Mid Gondola                   ,1,168197115,3,255,20151223,2,1,6819,7115, 
8=:?0800,491050,20160120,21991231,0000491050                    ,Toiletries SP G End           ,1,168197090,3,255,20151223,1,1,6819,7090, 
33950800,96312,20151125,20151229,Dep Mid                       ,Mid Gondola                   ,1,168197115,3,1,20151223,255,1,6819,7115, 
=1:<0800,491060,20151230,20160119,0000491060                    ,Toiletries SP G End           ,1,168197090,3,255,20151223,2,1,6819,7090, 
;5:=0800,301331,20160203,21991231,FragSS1                       ,Ladies Fine Fragrance         ,1,-1,3,255,20151223,1,1,6819,10681, 
2;340700,268405,20140428,21991231,Maybelline 3mod R&R           ,Maybelline SS Cosmetics       ,1,100020027,3,1,20151223,1,1,2,27, 
399:0800,21429,20151125,20151229,BFSDU                         ,BFSDUs                        ,1,168197072,3,1,20151223,255,1,6819,7072, 
<1:60800,307568,20160120,21991231,Rimmel Cosmetics Hot Spot LGE ,Rimmel SS Cosmetics           ,1,-1,3,255,20151223,1,1,6819,10967, 
87360800,6585,20150710,21991231,NLab Photo                    ,Photolab Consumables          ,1,168207527,3,1,20151223,1,1,6820,7527, 
>>9;0800,490953,20160120,21991231,3WaySSGE3R                    ,Sun SP G End                  ,1,168197090,3,255,20151223,1,1,6819,7090, 
8::<0800,363602,20151230,20160119,Colours Mid                   ,Mid Gondola                   ,1,168197115,3,255,20151223,2,1,6819,7115, 
:0950800,20474,20151125,20151229,Deods mid                     ,Mid Gondola                   ,1,168197115,3,1,20151223,255,1,6819,7115, 
5=9<0800,20479,20160120,21991231,Femc mid                      ,Mid Gondola                   ,1,168197115,3,255,20151223,1,1,6819,7115, 
=9930800,444446,20160120,21991231,Sun Preps Mid                 ,Mid Gondola                   ,1,168197115,3,255,20151223,1,1,6819,7115, 
<9::0800,491214,20151230,20160119,3WaySSGE3L                    ,Sun SP G End                  ,1,168197090,3,255,20151223,1,1,6819,7090, 
4;390800,521912,20151125,21991231,FlexSp2                       ,Christmas Flexible Space      ,1,100029642,3,1,20151223,255,1,2,9642, 
>91=0800,137747,20150824,21991231,FirstAid4G                    ,First Aid                     ,4,100020008,3,1,20151223,1,1,2,8, 
7;3<0800,122305,20150921,21991231,ElecHair3                     ,Electrical Hair               ,3,100020012,3,1,20151223,1,1,2,12, 
1;930800,301914,20151111,20160105,TOD3FRONT                     ,Tod                           ,1,-1,3,1,20151223,1,1,6819,10681, 
45960800,491050,20151125,20151229,3WayTGE5L                     ,Toiletries SP G End           ,1,168197090,3,1,20151223,255,1,6819,7090, 
77760800,257993,20151102,21991231,Dental 10                     ,Dental                        ,10,100020013,3,1,20151223,1,1,2,13, 
18930800,301913,20151111,20160105,TOD2BACK                      ,Tod                           ,1,-1,3,1,20151223,1,1,6819,10681, 
?:30800,307528,20160120,21991231,0000307528                    ,L Oreal SS Cos                ,1,-1,3,255,20151223,1,1,6819,10967, 
93;70800,4075,20160120,21991231,IQM4+W                        ,IQM                           ,5,-1,3,255,20151223,1,1,6819,10071, 
91880800,440643,20160111,21991231,SeasMinis3                    ,Seasonal Miniatures           ,3,100028343,3,255,20151223,1,1,2,8343, 
>4990800,96310,20151125,20151229,Skin 1 Mid GL                 ,Mid Gondola                   ,1,168197115,3,1,20151223,255,1,6819,7115, 
8?:60800,491143,20160203,21991231,0000491143                    ,Healthcare SP G End           ,1,168197090,3,255,20151223,1,1,6819,7090, 
;6:70800,13011,20160203,21991231,BFSDU                         ,BFSDUs                        ,1,168197072,3,255,20151223,1,1,6819,7072, 
:7920800,307558,20151230,20160119,Natural Collection Cosmetics H,Natural Collection SS Cosmetic,1,-1,3,255,20151223,2,1,6819,10967, 
1=9:0800,10048,20151125,20151229,Cos End 3                     ,Cosmetics SP G End            ,1,168197072,3,1,20151223,255,1,6819,7072, 
>09=0800,491139,20151209,20151229,0000491139                    ,Healthcare SP G End           ,1,168197090,3,1,20151223,255,1,6819,7090, 
520?0700,268388,20140416,21991231,17 3Mod R&R                   ,17 SS Cosmetics               ,1,100020027,3,1,20151223,1,1,2,27, 
<7840800,307513,20151125,20151229,Collection 2000 Cosmetics Hot ,Collection 2000 Cosmetics     ,1,-1,3,1,20151223,255,1,6819,10967, 
=7:40800,22605,20160203,21991231,Mass Frag Mid                 ,Mid Gondola                   ,1,168197115,3,255,20151223,1,1,6819,7115, 
96840700,10068,20141231,21991231,3WayPGE1                      ,Photo SP G End                ,1,168197090,3,1,20151223,1,1,6819,7090, 
43620800,442824,20151028,20151229,No7 BFSDU1                    ,BFSDUs                        ,1,-1,3,1,20151223,255,1,6819,10967, 
68910800,156038,20160104,21991231,LFFCab8                       ,Ladies Fine Fragrance Cabinet ,8,100020015,3,255,20151223,1,1,2,15, 
>:80800,491036,20151230,20160119,0000491036                    ,Toiletries SP G End           ,1,168197090,3,255,20151223,2,1,6819,7090, 
6;;80800,23768,20151230,20160202,Vits mid                      ,Mid Gondola                   ,1,168197115,3,255,20151223,2,1,6819,7115, 
21;90800,20219,20151230,20160202,C&C MID                       ,Mid Gondola                   ,1,168197115,3,255,20151223,2,1,6819,7115, 
34:90800,491033,20151230,20160119,0000491033                    ,Toiletries SP G End           ,1,168197090,3,255,20151223,2,1,6819,7090, 
619<0800,48021,20160104,21991231,Walkers2                      ,Walkers                       ,1,100020021,3,255,20151223,1,1,2,21, 
4<:60800,491151,20160203,21991231,0000491151                    ,Healthcare SP G End           ,1,168197090,3,255,20151223,1,1,6819,7090, 
<<3:0800,519826,20150921,21991231,WSunP1                        ,Winter Sun Protection         ,1,100028343,3,1,20151223,255,1,2,8343, 
828=0800,354451,20151017,20160110,SunOld                        ,Basic Sun Preparations        ,1,100028343,3,255,20151223,1,1,2,8343, 
47120800,137454,20150727,21991231,Healthchk1W                   ,Healthchecks                  ,1,100020008,3,1,20151223,1,1,2,8, 
71950800,367383,20151125,20151229,Wall Lectern                  ,No7 SP Lectern                ,1,-1,3,1,20151223,255,1,6819,10967, 
<>:<0800,491069,20151230,20160119,0000491069                    ,Toiletries SP G End           ,1,168197090,3,255,20151223,2,1,6819,7090, 
9>7:0800,521916,20151125,20160105,FlexSp6                       ,Christmas Flexible Space      ,1,100029642,3,1,20151223,255,1,2,9642, 
71:20800,491214,20160120,21991231,3WaySSGE3L                    ,Sun SP G End                  ,1,168197090,3,255,20151223,1,1,6819,7090, 
76:50800,554260,20160111,21991231,LPComp2                       ,Little People Composite       ,2,100028622,3,255,20151223,1,1,2,8622, 
11960800,21714,20151125,20151229,Tiss Mid GL                   ,Mid Gondola                   ,1,168197115,3,1,20151223,255,1,6819,7115, 
<=:30800,20224,20160203,21991231,Vit2 mid                      ,Mid Gondola                   ,1,168197115,3,255,20151223,1,1,6819,7115, 
07710800,491061,20151028,20151229,0000491061                    ,Toiletries SP G End           ,1,168197090,3,1,20151223,255,1,6819,7090, 
6=9:0800,96309,20151125,20151229,Skin 1 Mid GL                 ,Mid Gondola                   ,1,168197115,3,1,20151223,255,1,6819,7115, 
41490300,215361,20090209,21991231,Ad Card                       ,Impulse Side Panel            ,1,168199456,3,1,20151223,1,1,6819,9456, 
8?9;0800,442824,20160120,21991231,No7 BFSDU1                    ,BFSDUs                        ,1,-1,3,255,20151223,1,1,6819,10967, 
8400800,464985,20150907,20160103,Drinks 2K                     ,Drinks                        ,2,100020021,3,1,20151223,255,1,2,21, 
2=;90800,491152,20151230,20160202,3WayHCGE3C                    ,Healthcare SP G End           ,1,168197090,3,255,20151223,2,1,6819,7090, 
3;840700,10038,20141231,21991231,3WayTGE7                      ,Toiletries SP G End           ,1,168197090,3,1,20151223,1,1,6819,7090, 
:4390800,461198,20150819,20160105,Maybelline R&R 3 Mod          ,Maybelline                    ,3,100020027,3,1,20151223,1,1,2,27, 
1990800,413599,20151125,20151229,Prem Skin Mid                 ,Mid Gondola                   ,1,168197115,3,1,20151223,255,1,6819,7115, 
8:00800,491130,20160203,21991231,3WayHCSPEnd4L                 ,Healthcare SP G End           ,1,168197090,3,255,20151223,1,1,6819,7090, 
933=0000,12945,20040310,21991231,D&P Pricing Panels 2.0I       ,D&P Pricing Panels            ,1,100020025,3,1,20151223,1,1,2,25, 
46?>0700,492576,20150527,21991231,HBFSDU8                       ,BFSDUs                        ,1,168197072,3,1,20151223,1,1,6819,7072, 
183:0800,235486,20150921,21991231,SeasonalHealth4               ,Seasonal Healthcare           ,4,100020008,3,1,20151223,1,1,2,8, 
>79>0800,307533,20160120,21991231,#Max Factor Cosmetics Hot Spot,Max Factor Cosmetics          ,1,-1,3,255,20151223,1,1,6819,10967, 
10;90800,491132,20151230,20160202,3WayHCSPEnd4C                 ,Healthcare SP G End           ,1,168197090,3,255,20151223,2,1,6819,7090, 
3>9=0800,444516,20160120,21991231,SunSelTan1                    ,Mid Gondola                   ,1,168197115,3,255,20151223,1,1,6819,7115, 
539>0800,19444,20160120,21991231,BFSDU                         ,BFSDUs                        ,1,168197072,3,255,20151223,1,1,6819,7072, 
23<40500,224244,20120512,21991231,Bts.com                       ,BootsCom FSDU                 ,1,100028642,3,1,20151223,3,1,2,8642, 
=<9=0800,491161,20151209,20160105,0000491161                    ,Photo SP G End                ,1,168197090,3,1,20151223,1,1,6819,7090, 
2<9?0800,173078,20160203,21991231,Hlth Bkwll Mid                ,Mid Gondola                   ,1,168197115,3,255,20151223,1,1,6819,7115, 
<4530800,461179,20150930,20160119,Rimmel R&R 4 Mod              ,Rimmel                        ,4,100020027,3,1,20151223,1,1,2,27, 
<8:<0800,491067,20151230,20160119,0000491067                    ,Toiletries SP G End           ,1,168197090,3,255,20151223,2,1,6819,7090, 
<>950800,498284,20151125,20151229,BFSDU                         ,BFSDUs                        ,1,168197072,3,1,20151223,255,1,6819,7072, 
16:=0800,471002,20160106,20160119,No7HiddenGems1                ,No7 Counter Unit              ,1,-1,3,255,20151223,1,1,6819,10967, 
1;:=0800,367383,20160106,20160119,Wall Lectern                  ,No7 SP Lectern                ,1,-1,3,255,20151223,1,1,6819,10967, 
:19>0800,491070,20160120,21991231,0000491070                    ,Toiletries SP G End           ,1,168197090,3,255,20151223,1,1,6819,7090, 
59<10800,354451,20160111,21991231,SunOld                        ,Basic Sun Preparations        ,1,100028343,3,255,20151223,1,1,2,8343, 
4850800,31686,20160111,21991231,IndBathing12                  ,Indulgent Body Care And Gift  ,12,100020034,3,255,20151223,1,1,2,34, 
569:0800,209019,20151125,20151229,BFSDU                         ,BFSDUs                        ,1,168197072,3,1,20151223,255,1,6819,7072, 
5<:90800,12978,20151230,20160119,BFSDU                         ,BFSDUs                        ,1,168197072,3,255,20151223,2,1,6819,7072, 
=9=0800,404708,20151209,20151229,SmokeCess200                  ,Mid Gondola                   ,1,168197115,3,1,20151223,255,1,6819,7115, 
;6:>0800,444445,20151230,20160119,SumSunPrep1                   ,Mid Gondola                   ,1,168197115,3,255,20151223,1,1,6819,7115, 
3?060700,262670,20140416,21991231,Nat Col R&R 2Mod G            ,Natural Collection SS Cosmetic,1,100020027,3,1,20151223,1,1,2,27, 
346;0800,367430,20151019,20160110,S/Tan1                        ,Self Tan In Skincare          ,1,100028343,3,1,20151223,1,1,2,8343, 
=9<0800,301913,20160106,20160202,TOD2BACK                      ,Tod                           ,1,-1,3,255,20151223,1,1,6819,10681, 
;;:90800,10048,20151230,20160119,Cos End 3                     ,Cosmetics SP G End            ,1,168197072,3,255,20151223,2,1,6819,7072, 
04880800,349219,20151017,20160110,Sunglasses 7                  ,Sunglasses                    ,7,100028343,3,255,20151223,1,1,2,8343, 
79970800,13112,20151125,20151229,BFSDU                         ,BFSDUs                        ,1,168197072,3,1,20151223,255,1,6819,7072, 
;7:90800,24417,20151230,20160119,Mens Mid                      ,Mid Gondola                   ,1,168197115,3,255,20151223,2,1,6819,7115, 
55870800,307511,20151125,20151229,Bourjois Cosmetics Hot Spot LG,Bourjois SS Cosmetics         ,1,-1,3,1,20151223,255,1,6819,10967, 
3?490300,215359,20090209,21991231,Ad Card                       ,Impulse Side Panel            ,1,168199456,3,1,20151223,1,1,6819,9456, 
=;000800,518743,20150921,21991231,Teen5                         ,Teen And Girls                ,5,100029642,3,1,20151223,255,1,2,9642, 
5690800,511994,20151019,21991231,ExpertSkin4                   ,Expert Skincare               ,4,100028243,3,1,20151223,1,1,2,8243, 
;96<0800,274443,20150905,21991231,RapidTA                       ,Tills                         ,1,168199456,3,2,20151223,2,1,6819,9456, 
9<9>0800,444445,20160120,21991231,SumSunPrep1                   ,Mid Gondola                   ,1,168197115,3,255,20151223,1,1,6819,7115, 
:5:90800,413576,20151230,20160119,Prem Skin Mid                 ,Mid Gondola                   ,1,168197115,3,255,20151223,2,1,6819,7115, 
64:=0800,98745,20160106,20160119,BabyEnd1                      ,Baby SP G End                 ,1,168197090,3,255,20151223,1,1,6819,7090, 
>=520800,137668,20151102,21991231,PMeds 8                       ,Pharmacy Medicines            ,8,100020022,3,1,20151223,255,1,2,22, 
499:0800,209021,20151125,20151229,BFSDU                         ,BFSDUs                        ,1,168197072,3,1,20151223,255,1,6819,7072, 
43970800,363635,20151125,20151229,RazBlade200                   ,Mid Gondola                   ,1,168197115,3,1,20151223,255,1,6819,7115, 
729=0800,20220,20151209,20151229,Eye mid                       ,Mid Gondola                   ,1,168197115,3,1,20151223,255,1,6819,7115, 
=>9=0800,491163,20151209,20160105,0000491163                    ,Photo SP G End                ,1,168197090,3,1,20151223,1,1,6819,7090, 
;::10800,103948,20151226,20160105,Snack Mid                     ,Mid Gondola                   ,1,168197115,3,255,20151223,2,1,6819,7115, 
604>0700,280595,20150921,21991231,GCEND1                        ,Gift Card Mall                ,1,100020004,3,1,20151223,1,1,2,4, 
5>930800,523534,20151204,21991231,LadyGEd1                      ,Christmas Gift Ends           ,1,100029642,3,1,20151223,255,1,2,9642, 
2=9:0800,229302,20160208,21991231,Hair Colours 11               ,Hair Colours                  ,11,100020019,3,255,20151223,1,1,2,19, 
8;9;0800,369161,20160203,21991231,Branded FSDU                  ,BFSDUs                        ,1,-1,3,255,20151223,1,1,6819,10967, 
:1:70800,3992,20151123,21991231,BabySCW4                      ,Baby Skincare And Cotton Wool ,4,100020006,3,1,20151223,1,1,2,6, 
55090700,461141,20140217,21991231,Natural Collection R&R 2 Mod  ,Natural Collection            ,2,100020027,3,1,20151223,1,1,2,27, 
8:9?0800,442824,20151230,20160119,No7 BFSDU1                    ,BFSDUs                        ,1,-1,3,255,20151223,2,1,6819,10967, 
50020800,523571,20151111,21991231,FlexSp5                       ,Christmas Flexible Space      ,2,100029642,3,1,20151223,255,1,2,9642, 
:67=0700,98741,20141231,21991231,TE 1                          ,Toiletries SP G End           ,1,168197090,3,1,20151223,1,1,6819,7090, 
33:70800,12999,20160203,21991231,BFSDU                         ,BFSDUs                        ,1,168197072,3,255,20151223,1,1,6819,7072, 
03:60800,274841,20160203,21991231,Batmid1                       ,Mid Gondola                   ,1,168197115,3,255,20151223,1,1,6819,7115, 
14:;0800,13010,20151230,20160119,BFSDU                         ,BFSDUs                        ,1,168197072,3,255,20151223,2,1,6819,7072, 
<250800,450846,20150907,21991231,PhtCapt2                      ,Photo Capture                 ,2,100020025,3,1,20151223,1,1,2,25, 
259?0800,209006,20151230,20160119,IQMFSDU2                      ,IQM FSDU                      ,1,168197081,3,255,20151223,2,1,6819,7081, 
=>470800,461110,20150930,20160119,Collection R&R 1 Mod          ,Collection                    ,1,100020027,3,1,20151223,1,1,2,27, 
=800800,201169,20160208,21991231,MassSham&Cond9                ,Mass Shampoo And Conditioners ,9,100020019,3,255,20151223,1,1,2,19, 
82:<0800,498284,20151230,20160119,BFSDU                         ,BFSDUs                        ,1,168197072,3,255,20151223,2,1,6819,7072, 
?:80800,491072,20151230,20160119,0000491072                    ,Toiletries SP G End           ,1,168197090,3,255,20151223,2,1,6819,7090, 
6610800,521917,20151014,21991231,FlexSp7                       ,Christmas Flexible Space      ,1,100029642,3,1,20151223,255,1,2,9642, 
8?7?0800,122308,20151011,21991231,ElecH&F1                      ,Electrical Health And Fitness ,1,100020012,3,1,20151223,1,1,2,12, 
569<0800,98743,20160120,21991231,ToilEnd2                      ,Toiletries SP G End           ,1,168197090,3,255,20151223,1,1,6819,7090, 
<:850800,348268,20151017,20160110,HH2G                          ,Holiday Healthcare            ,1,100028343,3,255,20151223,1,1,2,8343, 
44970800,491070,20151125,20151229,0000491070                    ,Toiletries SP G End           ,1,168197090,3,1,20151223,255,1,6819,7090, 
6:540800,310523,20150824,21991231,Eyecare 3                     ,Eyecare                       ,3,100020008,3,1,20151223,1,1,2,8, 
<:460800,3950,20150907,20160124,BFood9                        ,Baby Food                     ,9,100020006,3,1,20151223,1,1,2,6, 
3>9>0800,12973,20160120,21991231,BFSDU                         ,BFSDUs                        ,1,168197072,3,255,20151223,1,1,6819,7072, 
3=490300,215357,20090209,21991231,Ad Card                       ,Impulse Side Panel            ,1,168199456,3,1,20151223,1,1,6819,9456, 
920=0700,268397,20140416,21991231,Revlon R&R 2mod               ,Revlon SS Cosmetics           ,1,100020027,3,1,20151223,1,1,2,27, 
5>:00800,368679,20151230,20160119,No7 7J Wall                   ,No7 Cos                       ,7,100020024,3,255,20151223,2,1,2,24, 
68;80800,20224,20151230,20160202,Vit2 mid                      ,Mid Gondola                   ,1,168197115,3,255,20151223,2,1,6819,7115, 
8:020800,518973,20150921,21991231,LadAccs2                      ,Ladies Accessories            ,2,100029642,3,1,20151223,255,1,2,9642, 
0<:40800,307556,20160120,21991231,Essie Hot Spot Stock POG      ,Essie SS Cosmetics            ,1,-1,3,255,20151223,1,1,6819,10967, 
;8900800,307560,20151230,20160119,Revlon Cosmetics Hot Spot Stoc,Revlon SS Cosmetics           ,1,-1,3,255,20151223,2,1,6819,10967, 
=>:?0800,10080,20160203,21991231,EBtyEnd1                      ,EB SP G End                   ,1,168197090,3,255,20151223,1,1,6819,7090, 
91;70800,256674,20160120,21991231,IQM3DIS/W                     ,IQM                           ,4,-1,3,255,20151223,1,1,6819,10071, 
:;840800,329342,20151218,20151224,frgunit1                      ,Tod                           ,2,-1,3,1,20151223,255,1,6819,10681, 
49950800,96313,20151125,20151229,HBD 1 Mid GL                  ,Mid Gondola                   ,1,168197115,3,1,20151223,255,1,6819,7115, 
51;90800,258719,20151230,20160202,Dig Care Mid                  ,Mid Gondola                   ,1,168197115,3,255,20151223,2,1,6819,7115, 
24<40500,224245,20120512,21991231,Bts.com                       ,BootsCom FSDU                 ,1,100028642,3,1,20151223,255,1,2,8642, 
;1:<0800,20479,20151230,20160119,Femcare Mid GL                ,Mid Gondola                   ,1,168197115,3,255,20151223,2,1,6819,7115, 
49390800,521932,20151125,21991231,FlexSp20                      ,Christmas Flexible Space      ,1,100029642,3,1,20151223,255,1,2,9642, 
5950800,20378,20151125,20151229,Hair & Styling mid            ,Mid Gondola                   ,1,168197115,3,1,20151223,255,1,6819,7115, 
05980800,491132,20160203,21991231,3WayHCSPEnd4C                 ,Healthcare SP G End           ,1,168197090,3,255,20151223,1,1,6819,7090, 
<69=0800,21140,20160120,21991231,Mens Mid                      ,Mid Gondola                   ,1,168197115,3,255,20151223,1,1,6819,7115, 
9:9?0800,367383,20151230,20160105,Wall Lectern                  ,No7 SP Lectern                ,1,-1,3,255,20151223,2,1,6819,10967, 
33??0700,519120,20150921,21991231,ToyComp1                      ,Little People Composite       ,1,100029642,3,1,20151223,255,1,2,9642, 
759=0800,173078,20151209,20151229,Hlth Bkwll Mid                ,Mid Gondola                   ,1,168197115,3,1,20151223,255,1,6819,7115, 
=5;90500,6587,20120416,21991231,StampsUK                      ,Stamps                        ,1,168207526,3,1,20151223,1,1,6820,7526, 
077;0700,202297,20150105,21991231,EsyChill                      ,Drinks                        ,1,100020021,3,1,20151223,1,1,2,21, 
7>490800,492474,20150902,21991231,Tower1                        ,Ladies Gift                   ,1,-1,3,255,20151223,1,1,6819,10681, 
:7;:0800,301913,20160203,21991231,TOD2BACK                      ,Tod                           ,1,-1,3,255,20151223,1,1,6819,10681, 
;6:<0800,20293,20151230,20160119,ShmpCond Mid                  ,Mid Gondola                   ,1,168197115,3,255,20151223,2,1,6819,7115, 
7>;30800,412599,20160106,20160202,0000412599                    ,Mid Gondola                   ,1,168197115,3,255,20151223,1,1,6819,7115, 
159;0800,471003,20160120,21991231,No7HiddenGems2                ,No7 Counter Unit              ,1,-1,3,255,20151223,1,1,6819,10967, 
1100800,20807,20150907,21991231,Frames5                       ,Frames                        ,5,100020025,3,1,20151223,1,1,2,25, 
80930800,307511,20151230,20160119,Bourjois Cosmetics Hot Spot LG,Bourjois SS Cosmetics         ,1,-1,3,255,20151223,2,1,6819,10967, 
69330800,523594,20150921,21991231,DVDEND                        ,Christmas Flexible space      ,1,100020004,3,1,20151223,1,1,2,4, 
:59=0800,491035,20160120,21991231,0000491035                    ,Toiletries SP G End           ,1,168197090,3,255,20151223,1,1,6819,7090, 
>2:90800,96308,20151230,20160119,Skin 1 Mid GL                 ,Mid Gondola                   ,1,168197115,3,255,20151223,2,1,6819,7115, 
;3;10800,498284,20160120,21991231,BFSDU                         ,BFSDUs                        ,1,168197072,3,255,20151223,1,1,6819,7072, 
31840700,98746,20141231,21991231,3WayTGE3                      ,Toiletries SP G End           ,1,168197090,3,1,20151223,1,1,6819,7090, 
:520800,153833,20151102,21991231,PMeds 1                       ,Pharmacy Medicines Drawer     ,1,100020022,3,1,20151223,255,1,2,22, 
92950800,192824,20151125,20151229,CMG2                          ,Mid Gondola                   ,1,168197115,3,1,20151223,255,1,6819,7115, 
67:20800,20219,20160203,21991231,C&C MID                       ,Mid Gondola                   ,1,168197115,3,255,20151223,1,1,6819,7115, 
93840700,10098,20141231,21991231,3WayHCGE3                     ,Healthcare SP G End           ,1,168197090,3,1,20151223,1,1,6819,7090, 
453:0800,506445,20150907,21991231,Nappies 12                    ,Nappies                       ,12,100020006,3,1,20151223,1,1,2,6, 
;?620800,543814,20151218,20151224,OOTW Module                   ,Prime Promotional Site        ,1,168197115,3,1,20151223,255,1,6819,7115, 
33970800,491033,20151125,20151229,0000491033                    ,Toiletries SP G End           ,1,168197090,3,1,20151223,255,1,6819,7090, 
:>:90800,21139,20151230,20160119,Mens Mid                      ,Mid Gondola                   ,1,168197115,3,255,20151223,2,1,6819,7115, 
<:30800,491131,20160203,21991231,3WayHCSPEnd4R                 ,Healthcare SP G End           ,1,168197090,3,255,20151223,1,1,6819,7090, 
=50=0800,527408,20150606,21991231,Pser1G                        ,Photo Services                ,1,168207527,3,1,20151223,255,1,6820,7527, 
70930800,307503,20151230,20160119,#BarryM Hot Spot Stock POG    ,Barry M                       ,1,-1,3,255,20151223,2,1,6819,10967, 
2=:90800,491045,20151230,20160119,0000491045                    ,Toiletries SP G End           ,1,168197090,3,255,20151223,2,1,6819,7090, 
5:9<0800,4378,20160104,21991231,Walkers1                      ,Walkers                       ,1,100020021,3,255,20151223,1,1,2,21, 
7?9=0800,20224,20151209,20151229,Vit2 mid                      ,Mid Gondola                   ,1,168197115,3,1,20151223,255,1,6819,7115, 
69:90800,413583,20151230,20160119,Prem Skin Mid                 ,Mid Gondola                   ,1,168197115,3,255,20151223,2,1,6819,7115, 
::90800,368679,20160120,21991231,No7 7J Wall                   ,No7 Cos                       ,7,100020024,3,255,20151223,1,1,2,24, 
28<10800,451700,20160111,21991231,BSunOld                       ,Sun Preparations              ,1,100028343,3,255,20151223,1,1,2,8343, 
1;;90800,252309,20151230,20160202,H1N1FSDU1 1                   ,BFSDUs                        ,1,168197072,3,255,20151223,2,1,6819,7072, 
37840700,10036,20141231,21991231,3WayTGE5                      ,Toiletries SP G End           ,1,168197090,3,1,20151223,1,1,6819,7090, 
><520800,425745,20151102,21991231,PM8JT                         ,Pharmacy Medicines            ,8,100020022,3,255,20151223,1,1,2,22, 
82950800,20376,20151125,20151229,Colours Mid                   ,Mid Gondola                   ,1,168197115,3,1,20151223,255,1,6819,7115, 
98;20800,461128,20160217,21991231,Essie R&R 1 Mod               ,Essie                         ,1,100020027,3,255,20151223,1,1,2,27, 
35200800,10047,20150610,21991231,BFSDU                         ,Cosmetics SP G End            ,1,168197072,3,1,20151223,1,1,6819,7072, 
49580800,86648,20151019,21991231,H&B4G2006                     ,Hand And Body                 ,4,100028243,3,1,20151223,1,1,2,8243, 
709=0800,20425,20160120,21991231,ChngWipes Mid                 ,Mid Gondola                   ,1,168197115,3,255,20151223,1,1,6819,7115, 
46:<0800,10080,20160106,20160202,EBtyEnd1                      ,EB SP G End                   ,1,168197090,3,255,20151223,1,1,6819,7090, 
767:0800,466460,20160104,21991231,Chi'd K1                      ,Chilled Food                  ,1,100020021,3,255,20151223,1,1,2,21, 
1<3?0000,12932,20040311,21991231,Bwall Nonlab Film Process 2.0W,Photo Backwall                ,1,100020025,3,1,20151223,1,1,2,25, 
31:30800,540045,20160203,21991231,Hlth Bkwll Mid3               ,Mid Gondola                   ,1,168197115,3,255,20151223,1,1,6819,7115, 
86:30800,301920,20160106,21991231,TOD4FRONT                     ,Tod                           ,1,-1,3,255,20151223,1,1,6819,10681, 
45;;0800,21414,20160120,21991231,BFSDU                         ,BFSDUs                        ,1,168190000,2,255,20151223,1,1,6819,0, 
39310700,465938,20140602,21991231,WF&HC1G                       ,Water Filters & Homecare Trial,1,100028236,3,1,20151223,1,1,2,8236, 
9?9;0800,10057,20160203,21991231,BabyEnd2                      ,Baby SP G End                 ,1,168197090,3,255,20151223,1,1,6819,7090, 
80:30800,301916,20160106,21991231,TOD3BACK                      ,Tod                           ,1,-1,3,255,20151223,1,1,6819,10681, 
17000800,522627,20150921,21991231,Cos&Hair8                     ,Ladies Cosmetics And Hair Gift,8,100029642,3,1,20151223,255,1,2,9642, 
=8950800,491062,20151125,20151229,3WayTGE6C                     ,Toiletries SP G End           ,1,168197090,3,1,20151223,255,1,6819,7090, 
769>0800,490993,20160120,21991231,3WaySSGE3C                    ,Sun SP G End                  ,1,168197090,3,255,20151223,1,1,6819,7090, 
8?840700,98742,20141231,21991231,3WayHCGE1                     ,Healthcare SP G End           ,1,168197090,3,1,20151223,1,1,6819,7090, 
0:670800,48021,20151005,20160103,Walkers2                      ,Walkers                       ,1,100020021,3,1,20151223,255,1,2,21, 
;9;10800,209005,20160120,21991231,IQMFSDU1                      ,IQM FSDU                      ,1,168197081,3,255,20151223,1,1,6819,7081, 
4>020800,523569,20151111,21991231,FlexSp1                       ,Christmas Flexible Space      ,3,100029642,3,1,20151223,255,1,2,9642, 
59;0800,20286,20160120,21991231,ShmpCond Mid                  ,Mid Gondola                   ,1,168197115,3,255,20151223,1,1,6819,7115, 
7:80800,12973,20151230,20160119,BFSDU                         ,BFSDUs                        ,1,168197072,3,255,20151223,2,1,6819,7072, 
:==;0700,244915,20150216,21991231,3WaySSGE3                     ,Sun SP G End                  ,1,168197090,3,255,20151223,1,1,6819,7090, 
12960800,491052,20151125,20151229,3WayTGE5C                     ,Toiletries SP G End           ,1,168197090,3,1,20151223,255,1,6819,7090, 
5:970800,491036,20151125,20151229,0000491036                    ,Toiletries SP G End           ,1,168197090,3,1,20151223,255,1,6819,7090, 
;::60800,307513,20160120,21991231,Collection 2000 Cosmetics Hot ,Collection 2000 Cosmetics     ,1,-1,3,255,20151223,1,1,6819,10967, 
<?:60800,341464,20160120,21991231,Soap&Glory Hot Spot Stock POG ,Soap And Glory SS Cosmetics   ,1,-1,3,255,20151223,1,1,6819,10967, 
64:90800,96310,20151230,20160119,Skin 1 Mid GL                 ,Mid Gondola                   ,1,168197115,3,255,20151223,2,1,6819,7115, 
<<950800,491069,20151125,20151229,3WayTGE7C                     ,Toiletries SP G End           ,1,168197090,3,1,20151223,255,1,6819,7090, 
108:0800,349042,20151017,20160110,BasicSunPreps16               ,Sun Preparations              ,16,100028343,3,255,20151223,1,1,2,8343, 
8>:<0800,20376,20151230,20160119,Colours Mid                   ,Mid Gondola                   ,1,168197115,3,255,20151223,2,1,6819,7115, 
:4:30800,139968,20160209,21991231,PPS6G                         ,Prime Promotional Site        ,6,168198701,3,255,20151223,1,1,6819,8701, 
<0460800,461139,20150930,20160119,Miss Sporty R&R 1 Mod         ,Miss Sporty                   ,1,100020027,3,1,20151223,1,1,2,27, 
30970800,491045,20151125,20151229,3WayTGE4C                     ,Toiletries SP G End           ,1,168197090,3,1,20151223,255,1,6819,7090, 
;:;:0800,27802,20160203,21991231,JML E1                        ,JML                           ,1,-1,3,255,20151223,1,1,6819,10071, 
39840700,10037,20141231,21991231,3WayTGE6                      ,Toiletries SP G End           ,1,168197090,3,1,20151223,1,1,6819,7090, 
;0;10800,13010,20160120,21991231,BFSDU                         ,BFSDUs                        ,1,168197072,3,255,20151223,1,1,6819,7072, 
:1690800,125121,20151014,21991231,UNIT2                         ,Chem Counter Impulse Unit     ,1,168199456,3,2,20151223,255,1,6819,9456, 
<>4?0800,440643,20151005,20160110,SeasMinis3                    ,Seasonal Miniatures           ,3,100028343,3,255,20151223,1,1,2,8343, 
0:890100,4282,20060130,21991231,Greetings FSDU 1.0Z           ,Greetings                     ,1,100020004,3,1,20151223,1,1,2,4, 
>>:60800,252309,20160203,21991231,H1N1FSDU1 1                   ,BFSDUs                        ,1,168197072,3,255,20151223,1,1,6819,7072, 
93840500,361619,20120121,21991231,MCGrap1                       ,Mini Club                     ,1,100020005,3,1,20151223,1,1,2,5, 
7:8;0800,458670,20160104,21991231,Snacks 3                      ,Snacks                        ,3,100020021,3,255,20151223,1,1,2,21, 
78920800,4075,20151230,20160119,IQM4+W                        ,IQM                           ,5,-1,3,255,20151223,2,1,6819,10071, 
95:<0800,20477,20151230,20160119,Dental Mid GL                 ,Mid Gondola                   ,1,168197115,3,255,20151223,2,1,6819,7115, 
98:<0800,44041,20151230,20160119,Ind Bath Mid                  ,Mid Gondola                   ,1,168197115,3,255,20151223,2,1,6819,7115, 
3;80800,12960,20151230,20160202,BFSDU                         ,BFSDUs                        ,1,168197072,3,255,20151223,2,1,6819,7072, 
7>1;0800,523532,20151111,21991231,LadyGEd3                      ,Christmas Gift Ends           ,1,100029642,3,1,20151223,255,1,2,9642, 
0>7;0800,461100,20150930,20160119,Bourjois R&R 2 Mod            ,Bourjois                      ,2,100020027,3,1,20151223,1,1,2,27, 
50970800,491043,20151125,20151229,3WayTGE4L                     ,Toiletries SP G End           ,1,168197090,3,1,20151223,255,1,6819,7090, 
6990800,413576,20151125,20151229,Prem Skin Mid                 ,Mid Gondola                   ,1,168197115,3,1,20151223,255,1,6819,7115, 
93:>0800,199580,20160120,21991231,Nappy BFSDU1                  ,BFSDUs                        ,1,168197072,3,255,20151223,1,1,6819,7072, 
7?9:0800,461110,20160120,20160216,Collection R&R 1 Mod          ,Collection                    ,1,100020027,3,255,20151223,1,1,2,27, 
1=;>0800,491067,20160120,21991231,3WayTGE7R                     ,Toiletries SP G End           ,1,168197090,3,255,20151223,1,1,6819,7090, 
=;390800,20838,20150907,21991231,Batteries3                    ,Power                         ,3,100020025,3,1,20151223,1,1,2,25, 
<7<0800,940,20151102,21991231,Femcare 5                     ,Femcare                       ,5,100020013,3,1,20151223,1,1,2,13, 
939?0800,367379,20151230,20160119,Cosmetic Promo                ,No7 Hotspot                   ,1,-1,3,255,20151223,2,1,6819,10967, 
5=560800,87795,20150921,21991231,EBMaleGrm3                    ,Electrical Male Grooming      ,3,100020012,3,1,20151223,1,1,2,12, 
71900800,307556,20151230,20160119,Essie Hot Spot Stock POG      ,Essie SS Cosmetics            ,1,-1,3,255,20151223,2,1,6819,10967, 
079>0800,412599,20151209,20160105,0000412599                    ,Mid Gondola                   ,1,168197115,3,1,20151223,1,1,6819,7115, 
;9:>0800,444516,20151230,20160119,SunSelTan1                    ,Mid Gondola                   ,1,168197115,3,255,20151223,1,1,6819,7115, 
>9<0700,347152,20150107,20151229,HOT                           ,IQM                           ,1,-1,3,1,20151223,255,1,6819,10071, 
<?::0800,209022,20151230,20160119,BFSDU                         ,BFSDUs                        ,1,168197072,3,255,20151223,2,1,6819,7072, 
02080700,262651,20140416,21991231,CLLCTN  R&R 1Mod              ,Collection 2000 Cosmetics     ,1,100020027,3,1,20151223,1,1,2,27, 
:::<0800,21714,20151230,20160119,Tiss Mid GL                   ,Mid Gondola                   ,1,168197115,3,255,20151223,2,1,6819,7115, 
1:870800,349399,20151017,20160110,TravAccs5                     ,Travel Accessories            ,1,100028343,3,255,20151223,1,1,2,8343, 
=>:90800,486314,20151230,20160119,BFSDU                         ,BFSDUs                        ,1,168197072,3,255,20151223,2,1,6819,7072, 
18;90800,491137,20151230,20160202,0000491137                    ,Healthcare SP G End           ,1,168197090,3,255,20151223,2,1,6819,7090, 
76;30800,274841,20160106,20160202,Batmid1                       ,Mid Gondola                   ,1,168197115,3,255,20151223,1,1,6819,7115, 
219>0800,413599,20160120,21991231,Premskinmid                   ,Mid Gondola                   ,1,168197115,3,255,20151223,1,1,6819,7115, 
<4:<0800,249755,20151230,20160119,Ind Bath Mid                  ,Mid Gondola                   ,1,168197115,3,255,20151223,2,1,6819,7115, 
8=840700,10055,20141231,21991231,3WayHCSPEnd4                  ,Healthcare SP G End           ,1,168197090,3,1,20151223,1,1,6819,7090, 
=36;0800,506960,20151102,21991231,Baby Accs 10                  ,Baby Accessories              ,10,100020006,3,1,20151223,1,1,2,6, 
33:90800,491044,20151230,20160119,0000491044                    ,Toiletries SP G End           ,1,168197090,3,255,20151223,2,1,6819,7090, 
849=0800,540045,20151209,20151229,Hlth Bkwll Mid3               ,Mid Gondola                   ,1,168197115,3,1,20151223,255,1,6819,7115, 
955?0800,518789,20150921,21991231,MMasFr1                       ,Mens Mass Fragrance           ,1,100029642,3,1,20151223,255,1,2,9642, 
43900800,307533,20151230,20160119,#Max Factor Cosmetics Hot Spot,Max Factor Cosmetics          ,1,-1,3,255,20151223,2,1,6819,10967, 
=3::0800,490953,20151230,20160119,3WaySSGE3R                    ,Sun SP G End                  ,1,168197090,3,255,20151223,1,1,6819,7090, 
00:40800,307529,20160120,21991231,0000307529                    ,L Oreal SS Cos                ,1,-1,3,255,20151223,1,1,6819,10967, 
6:9:0800,498959,20151125,20151229,BBEBFSDU11                    ,BFSDUs                        ,1,168197072,3,1,20151223,255,1,6819,7072, 
369:0800,13010,20151125,20151229,BFSDU                         ,BFSDUs                        ,1,168197072,3,1,20151223,255,1,6819,7072, 
62410800,1386,20151005,21991231,Mass Styling 3                ,Mass Styling                  ,3,100020019,3,1,20151223,1,1,2,19, 
118:0800,349042,20160111,21991231,BasicSunPreps16               ,Sun Preparations              ,16,100028343,3,255,20151223,1,1,2,8343, 
;09=0800,394035,20160120,21991231,MG                            ,Mid Gondola                   ,1,168197115,3,255,20151223,1,1,6819,7115, 
7?1;0800,523533,20151111,21991231,LadyGEd2                      ,Christmas Gift Ends           ,1,100029642,3,1,20151223,255,1,2,9642, 
<<:<0800,491051,20151230,20160119,0000491051                    ,Toiletries SP G End           ,1,168197090,3,255,20151223,2,1,6819,7090, 
78:10800,20425,20151209,20160105,ChngWipes Mid                 ,Mid Gondola                   ,1,168197115,3,1,20151223,1,1,6819,7115, 
8:9>0800,491036,20160120,21991231,3WayTGE3C                     ,Toiletries SP G End           ,1,168197090,3,255,20151223,1,1,6819,7090, 
6>9=0800,498998,20160120,21991231,BBEBFSDU15                    ,BFSDUs                        ,1,168197072,3,255,20151223,1,1,6819,7072, 
>8950800,20293,20151125,20151229,ShmpCond Mid                  ,Mid Gondola                   ,1,168197115,3,1,20151223,255,1,6819,7115, 
5;:60800,252310,20160203,21991231,H1N1FSDU2 1                   ,BFSDUs                        ,1,168197072,3,255,20151223,1,1,6819,7072, 
?9<0800,490946,20160120,21991231,3WayTGE1L                     ,Toiletries SP G End           ,1,168197090,3,255,20151223,1,1,6819,7090, 
22<40500,105583,20120512,21991231,Boots.Com FSDU AYR            ,Boots.Com                     ,1,100028642,3,1,20151223,255,1,2,8642, 
9?450800,545,20150824,21991231,BtyAccs6                      ,Beauty Accessories            ,6,100028660,3,255,20151223,1,1,2,8660, 
5<:>0800,98745,20160120,21991231,BabyEnd1                      ,Baby SP G End                 ,1,168197090,3,255,20151223,1,1,6819,7090, 
62:30800,20478,20160120,21991231,Dental Mid GL                 ,Mid Gondola                   ,1,168197115,3,255,20151223,1,1,6819,7115, 
5<60700,504092,20150406,21991231,UmbrHalf                      ,Umbrellas                     ,1,100028343,3,1,20151223,1,1,2,8343, 
8>9?0800,471003,20151230,20160105,No7HiddenGems2                ,No7 Counter Unit              ,1,-1,3,255,20151223,2,1,6819,10967, 
3;:90800,256674,20151230,20160119,IQM3DIS/W                     ,IQM                           ,4,-1,3,255,20151223,2,1,6819,10071, 
;;:>0800,444517,20151230,20160119,Sun Preps Mid                 ,Mid Gondola                   ,1,168197115,3,255,20151223,1,1,6819,7115, 
;3310800,20790,20150907,21991231,Albums 5                      ,Albums                        ,5,100020025,3,1,20151223,1,1,2,25, 
=89>0800,209022,20160120,21991231,BFSDU                         ,BFSDUs                        ,1,168197072,3,255,20151223,1,1,6819,7072, 
;:6<0800,274444,20150905,21991231,RapidTB                       ,Tills                         ,1,168199456,3,2,20151223,2,1,6819,9456, 
639<0800,491072,20160120,21991231,3WayTGE1C                     ,Toiletries SP G End           ,1,168197090,3,255,20151223,1,1,6819,7090, 
:59>0800,491043,20160120,21991231,3WayTGE4L                     ,Toiletries SP G End           ,1,168197090,3,255,20151223,1,1,6819,7090, 
13450500,86157,20110903,21991231,Mini Club Promo Stand         ,Mini Club                     ,2,100028558,3,1,20151223,1,1,2,8558, 
<:550800,86770,20151019,21991231,EFS10                         ,Everyday Facial Skincare      ,10,100028243,3,1,20151223,1,1,2,8243, 
0:9<0800,20228,20160203,21991231,WMD mid                       ,Mid Gondola                   ,1,168197115,3,255,20151223,1,1,6819,7115, 
>2:=0800,329342,20160203,21991231,frgunit1                      ,Tod                           ,2,-1,3,255,20151223,1,1,6819,10681, 
33840700,98747,20141231,21991231,3WayTGE4                      ,Toiletries SP G End           ,1,168197090,3,1,20151223,1,1,6819,7090, 
115?0800,13927,20151019,21991231,Mens Toil 12                  ,Everyday Mens Toiletries      ,12,100020023,3,1,20151223,1,1,2,23, 
59890800,461128,20151230,20160216,Essie R&R 1 Mod               ,Essie                         ,1,100020027,3,255,20151223,2,1,2,27, 
009>0800,252310,20151209,20151229,H1N1FSDU2 1                   ,BFSDUs                        ,1,168197072,3,1,20151223,255,1,6819,7072, 
;7950800,209006,20151125,20151229,IQMFSDU2                      ,IQM FSDU                      ,1,168197081,3,1,20151223,255,1,6819,7081, 
:6:90800,498998,20151230,20160119,BBEBFSDU15                    ,BFSDUs                        ,1,168197072,3,255,20151223,1,1,6819,7072, 
0;9;0800,471002,20160120,21991231,No7HiddenGems1                ,No7 Counter Unit              ,1,-1,3,255,20151223,1,1,6819,10967, 
<>180800,137414,20150713,21991231,HAS 4                         ,Hayfever Allergy Skin And Hair,4,100020022,3,1,20151223,1,1,2,22, 
=6840800,307558,20151125,20151229,Natural Collection Cosmetics H,Natural Collection SS Cosmetic,1,-1,3,1,20151223,255,1,6819,10967, 
518;0800,723,20151102,20160124,Deos4                         ,Deodorants                    ,4,100020013,3,1,20151223,1,1,2,13, 
79=0800,258719,20151209,20151229,Dig Care Mid                  ,Mid Gondola                   ,1,168197115,3,1,20151223,255,1,6819,7115, 
8570800,6298,20151019,21991231,Razor & Blade 4               ,Mens Razors And Blades        ,4,100020023,3,1,20151223,1,1,2,23, 
35:90800,19444,20151230,20160119,BFSDU                         ,BFSDUs                        ,1,168197072,3,255,20151223,2,1,6819,7072, 
<<=;0700,3089,20150601,21991231,RG1G                          ,Reading Glasses               ,1,100020008,3,1,20151223,1,1,2,8, 
<2:60800,307569,20160120,21991231,Rimmel Cosmetics Hot Spot LGE ,Rimmel SS Cosmetics           ,1,-1,3,255,20151223,1,1,6819,10967, 
99770800,256674,20151111,20151229,IQM3DIS/W                     ,IQM                           ,4,-1,3,1,20151223,255,1,6819,10071, 
5;970800,98763,20151125,20151229,Toil1 FSDU                    ,Toiletries SP FSDU            ,1,168197081,3,1,20151223,255,1,6819,7081, 
:8:90800,413599,20151230,20160119,Prem Skin Mid                 ,Mid Gondola                   ,1,168197115,3,255,20151223,2,1,6819,7115, 
:?:<0800,20378,20151230,20160119,Hair & Styling mid            ,Mid Gondola                   ,1,168197115,3,255,20151223,2,1,6819,7115, 
705=0800,217789,20151014,20151229,T-B Bowl                      ,IQM                           ,1,-1,3,1,20151223,255,1,6819,10071, 
61620800,521913,20151014,21991231,FlexSp3                       ,Christmas Flexible Space      ,1,100029642,3,1,20151223,255,1,2,9642, 
399<0800,363602,20160120,21991231,Colours Mid                   ,Mid Gondola                   ,1,168197115,3,255,20151223,1,1,6819,7115, 
2;9>0800,491131,20151209,20151229,3WayHCSPEnd4R                 ,Healthcare SP G End           ,1,168197090,3,1,20151223,255,1,6819,7090, 
<<9>0800,20474,20160120,21991231,Deods mid                     ,Mid Gondola                   ,1,168197115,3,255,20151223,1,1,6819,7115, 
60:=0800,20425,20160106,20160119,ChngWipes Mid                 ,Mid Gondola                   ,1,168197115,3,255,20151223,1,1,6819,7115, 
59;60800,329342,20151225,20160202,frgunit1                      ,Tod                           ,2,-1,3,255,20151223,2,1,6819,10681, 
=9890800,349399,20160111,21991231,TravAccs5                     ,Travel Accessories            ,5,100028343,3,255,20151223,1,1,2,8343, 
:8;:0800,301912,20160203,21991231,TOD2FRONT                     ,Tod                           ,1,-1,3,255,20151223,1,1,6819,10681, 
579<0800,249755,20160120,21991231,Ind Bath Mid                  ,Mid Gondola                   ,1,168197115,3,255,20151223,1,1,6819,7115, 
59:60800,169018,20160203,21991231,Hlth Bkwll Mid                ,Mid Gondola                   ,1,168197115,3,255,20151223,1,1,6819,7115, 
<9:<0800,491050,20151230,20160119,0000491050                    ,Toiletries SP G End           ,1,168197090,3,255,20151223,2,1,6819,7090, 
4<6=0800,159366,20151014,20160105,PClbFSDU                      ,Parenting Club                ,1,100020006,3,1,20151223,1,1,2,6, 
7:970800,19444,20151125,20151229,BFSDU                         ,BFSDUs                        ,1,168197072,3,1,20151223,255,1,6819,7072, 
4;:60800,491150,20160203,21991231,0000491150                    ,Healthcare SP G End           ,1,168197090,3,255,20151223,1,1,6819,7090, 
20:90800,490946,20151230,20160119,0000490946                    ,Toiletries SP G End           ,1,168197090,3,255,20151223,2,1,6819,7090, 
>8610800,200891,20150907,20160103,MenFFCab5NoChn                ,Mens Fine Fragrance Cabinet Ex,5,100020015,3,1,20151223,255,1,2,15, 
7=460800,461090,20150930,20160216,BarryM R&R 1 Mod              ,Barry M                       ,1,100020027,3,1,20151223,1,1,2,27, 
>9990800,413583,20151125,20151229,Prem Skin Mid                 ,Mid Gondola                   ,1,168197115,3,1,20151223,255,1,6819,7115, 
73:80800,258719,20160203,21991231,Dig Care Mid                  ,Mid Gondola                   ,1,168197115,3,255,20151223,1,1,6819,7115, 
;6:=0800,301332,20160203,21991231,FragSS1                       ,Mens Fine Fragrance           ,1,-1,3,255,20151223,1,1,6819,10681, 
15;90800,404708,20151230,20160202,SmokeCess200                  ,Mid Gondola                   ,1,168197115,3,255,20151223,2,1,6819,7115, 
2:30800,307500,20160120,21991231,17 Cosmetics Hot Spot LGE 1 St,17 SS Cosmetics               ,1,-1,3,255,20151223,1,1,6819,10967, 
15;:0800,44041,20160120,21991231,Ind Bath Mid                  ,Mid Gondola                   ,1,168197115,3,255,20151223,1,1,6819,7115, 
8<950800,363602,20151125,20151229,Colours Mid                   ,Mid Gondola                   ,1,168197115,3,1,20151223,255,1,6819,7115, 
2<;90800,12999,20151230,20160202,BFSDU                         ,BFSDUs                        ,1,168197072,3,255,20151223,2,1,6819,7072, 
05:70800,20220,20160203,21991231,Eye mid                       ,Mid Gondola                   ,1,168197115,3,255,20151223,1,1,6819,7115, 
;>:>0800,444451,20151230,20160119,Sun Preps Mid                 ,Mid Gondola                   ,1,168197115,3,255,20151223,1,1,6819,7115, 
52870800,307569,20151125,20151229,Rimmel Cosmetics Hot Spot LGE ,Rimmel SS Cosmetics           ,1,-1,3,1,20151223,255,1,6819,10967, 
2:9>0800,491143,20151209,20151229,0000491143                    ,Healthcare SP G End           ,1,168197090,3,1,20151223,255,1,6819,7090, 
389>0800,491033,20160120,21991231,3WayTGE3L                     ,Toiletries SP G End           ,1,168197090,3,255,20151223,1,1,6819,7090, 
;=840800,307500,20151125,20151229,17 Cosmetics Hot Spot LGE 1 St,17 SS Cosmetics               ,1,-1,3,1,20151223,255,1,6819,10967, 
?;<0800,723,20160125,21991231,Deos4                         ,Deodorants                    ,4,100020013,3,255,20151223,1,1,2,13, 
<?890800,348268,20160111,21991231,HH2G                          ,Holiday Healthcare            ,2,100028343,3,255,20151223,1,1,2,8343, 
9=:<0800,444448,20151230,20160119,Sun Preps Mid                 ,Mid Gondola                   ,1,168197115,3,255,20151223,1,1,6819,7115, 
65900800,307529,20151230,20160119,0000307529                    ,L Oreal SS Cos                ,1,-1,3,255,20151223,2,1,6819,10967, 
599>0800,413576,20160120,21991231,Prem Skin Mid                 ,Mid Gondola                   ,1,168197115,3,255,20151223,1,1,6819,7115, 
==990800,21140,20151125,20151229,Mens Mid                      ,Mid Gondola                   ,1,168197115,3,1,20151223,255,1,6819,7115, 
<9=0800,491132,20151209,20151229,3WayHCSPEnd4C                 ,Healthcare SP G End           ,1,168197090,3,1,20151223,255,1,6819,7090, 
09;90800,491131,20151230,20160202,3WayHCSPEnd4R                 ,Healthcare SP G End           ,1,168197090,3,255,20151223,2,1,6819,7090, 
13490800,133621,20151019,21991231,HairAccs7                     ,Hair Accessories              ,7,100028660,3,1,20151223,1,1,2,8660, 
;?:<0800,74882,20151230,20160119,Prof Hair Mid                 ,Mid Gondola                   ,1,168197115,3,255,20151223,2,1,6819,7115, 
<:::0800,121656,20151230,20160119,SunHEnd1                      ,Sun SP G End                  ,1,168197090,3,255,20151223,1,1,6819,7090, 
4;40800,252310,20151230,20160119,H1N1FSDU2 1                   ,BFSDUs                        ,1,168197072,3,255,20151223,2,1,6819,7072, 
15780800,461128,20151125,20151229,Essie R&R 1 Mod               ,Essie                         ,1,100020027,3,1,20151223,255,1,2,27, 
96:90800,491052,20160120,21991231,3WayTGE5C                     ,Toiletries SP G End           ,1,168197090,3,255,20151223,1,1,6819,7090, 
25??0600,262560,20140416,21991231,Bourjois Cosmetics R&R 2Mod G ,Bourjois SS Cosmetics         ,1,100020027,3,1,20151223,1,1,2,27, 
7?9>0800,121656,20160120,21991231,SunHEnd1                      ,Sun SP G End                  ,1,168197090,3,255,20151223,1,1,6819,7090, 
<8::0800,490993,20151230,20160119,3WaySSGE3C                    ,Sun SP G End                  ,1,168197090,3,255,20151223,1,1,6819,7090, 
:10=0700,266228,20140416,21991231,Soap & Glory R&R 1.0G GF      ,Soap & Glory SS Cosmetics     ,1,100020027,3,1,20151223,1,1,2,27, 
518>0800,440468,20151017,20160110,S/Tan9                        ,Self Tan                      ,9,100028343,3,255,20151223,1,1,2,8343, 
81:10800,21414,20151209,20160105,BFSDU                         ,BFSDUs                        ,1,168190000,2,1,20151223,1,1,6819,0, 
0:870500,362250,20120121,21991231,MCGrap3                       ,Mini Club                     ,3,100020005,3,1,20151223,1,1,2,5, 
05880800,349219,20160111,21991231,Sunglasses 7                  ,Sunglasses                    ,7,100028343,3,255,20151223,1,1,2,8343, 
819=0800,23768,20151209,20151229,Vits mid                      ,Mid Gondola                   ,1,168197115,3,1,20151223,255,1,6819,7115, 
929>0800,209021,20160120,21991231,BFSDU                         ,BFSDUs                        ,1,168197072,3,255,20151223,1,1,6819,7072, 
;9:90800,498959,20151230,20160119,BBEBFSDU11                    ,BFSDUs                        ,1,168197072,3,255,20151223,1,1,6819,7072, 
=2::0800,209019,20151230,20160119,BFSDU                         ,BFSDUs                        ,1,168197072,3,255,20151223,2,1,6819,7072, 
18:70800,21139,20160120,21991231,Mens Mid                      ,Mid Gondola                   ,1,168197115,3,255,20151223,1,1,6819,7115, 
=?4:0800,144412,20151005,21991231,HeltDig1                      ,Healthy Digestion             ,1,100020010,3,1,20151223,1,1,2,10, 
585;0800,242309,20150824,21991231,NRT 2G                        ,Smoking Cessation             ,2,100020010,3,1,20151223,1,1,2,10, 
=4:30800,491137,20160203,21991231,0000491137                    ,Healthcare SP G End           ,1,168197090,3,255,20151223,1,1,6819,7090, 
17420700,470223,20140922,21991231,UKGFSDU                       ,Greetings                     ,1,100020004,3,1,20151223,1,1,2,4, 
2=9<0800,20376,20160120,21991231,Colours Mid                   ,Mid Gondola                   ,1,168197115,3,255,20151223,1,1,6819,7115, 
90?0700,263523,20140305,21991231,LOreal R&R 4Mod               ,L Oreal SS Cos                ,1,100020027,3,1,20151223,1,1,2,27, 
1:;50800,543814,20151225,21991231,OOTW Module                   ,Prime Promotional Site        ,2,168197115,3,255,20151223,2,1,6819,7115, 
68870800,307560,20151125,20151229,Revlon Cosmetics Hot Spot Stoc,Revlon SS Cosmetics           ,1,-1,3,1,20151223,255,1,6819,10967, 
:4950800,20478,20151125,20151229,Dental Mid GL                 ,Mid Gondola                   ,1,168197115,3,1,20151223,255,1,6819,7115, 
9;9?0800,442799,20151230,20160119,CTU 4-7                       ,No7 SP Counter                ,1,-1,3,255,20151223,4,1,6819,10967, 
49:60800,491163,20160203,21991231,0000491163                    ,Photo SP G End                ,1,168197090,3,255,20151223,1,1,6819,7090, 
46:70800,27802,20160106,20160202,JML E1                        ,JML                           ,1,-1,3,255,20151223,1,1,6819,10071, 
8>:90800,491043,20151230,20160119,3WayTGE4L                     ,Toiletries SP G End           ,1,168197090,3,255,20151223,2,1,6819,7090, 
885?0800,86557,20151019,21991231,Depils3G                      ,Depilatories                  ,3,100028243,3,1,20151223,1,1,2,8243, 
459:0800,209022,20151125,20151229,BFSDU                         ,BFSDUs                        ,1,168197072,3,1,20151223,255,1,6819,7072, 
19=0800,491136,20151209,20151229,0000491136                    ,Healthcare SP G End           ,1,168197090,3,1,20151223,255,1,6819,7090, 
:29?0800,369161,20151230,20160202,Branded FSDU                  ,BFSDUs                        ,1,-1,3,255,20151223,2,1,6819,10967, 
>;9>0800,498959,20160120,21991231,BBEBFSDU11                    ,BFSDUs                        ,1,168197072,3,255,20151223,1,1,6819,7072, 
0?;90800,491136,20151230,20160202,0000491136                    ,Healthcare SP G End           ,1,168197090,3,255,20151223,2,1,6819,7090, 
7<930800,307568,20151230,20160119,Rimmel Cosmetics Hot Spot LGE ,Rimmel SS Cosmetics           ,1,-1,3,255,20151223,2,1,6819,10967, 
4<950800,443588,20151125,21991231,No7 BFSDU1                    ,BFSDUs                        ,1,-1,3,1,20151223,1,1,6819,10967, 
>;920800,301911,20151111,20160105,TOD1BACK                      ,Tod                           ,1,-1,3,1,20151223,1,1,6819,10681, 
609=0800,491044,20160120,21991231,3WayTGE4R                     ,Toiletries SP G End           ,1,168197090,3,255,20151223,1,1,6819,7090, 
=3:<0800,491052,20151230,20160119,0000491052                    ,Toiletries SP G End           ,1,168197090,3,255,20151223,2,1,6819,7090, 
63:>0800,23802,20160120,21991231,0000023802                    ,Mid Gondola                   ,1,168197115,3,255,20151223,1,1,6819,7115, 
<<::0800,121657,20151230,20160119,SunHEnd2                      ,Sun SP G End                  ,1,168197090,3,255,20151223,1,1,6819,7090, 
3>9:0800,209020,20151125,20151229,BFSDU                         ,BFSDUs                        ,1,168197072,3,1,20151223,255,1,6819,7072, 
2=9>0800,12960,20151209,20151229,BFSDU                         ,BFSDUs                        ,1,168197072,3,1,20151223,255,1,6819,7072, 
<::60800,307558,20160120,21991231,Natural Collection Cosmetics H,Natural Collection SS Cosmetic,1,-1,3,255,20151223,1,1,6819,10967, 
269:0800,121657,20160120,21991231,SunHEnd2                      ,Sun SP G End                  ,1,168197090,3,255,20151223,1,1,6819,7090, 
2>:=0800,10057,20160106,20160119,BabyEnd2                      ,Baby SP G End                 ,1,168197090,3,255,20151223,1,1,6819,7090, 
<>260800,31686,20151005,20160110,IndBathing12                  ,Indulgent Body Care And Gift  ,12,100020034,3,1,20151223,1,1,2,34, 
32500800,348749,20151005,20160110,Minis1                        ,Miniatures                    ,1,100020034,3,1,20151223,1,1,2,34, 
68:=0800,23802,20160106,20160119,0000023802                    ,Mid Gondola                   ,1,168197115,3,255,20151223,1,1,6819,7115, 
10990800,446071,20160111,21991231,Greetings7                    ,Greetings                     ,7,100020004,3,255,20151223,1,1,2,4, 
;?:60800,307549,20160120,21991231,Miss Sporty Hot Spot Stock POG,Miss Sporty SS Cosmetics      ,1,-1,3,255,20151223,1,1,6819,10967, 
9<9=0800,169018,20151209,20151229,Hlth Bkwll Mid                ,Mid Gondola                   ,1,168197115,3,1,20151223,255,1,6819,7115, 
339>0800,491130,20151209,20151229,3WayHCSPEnd4L                 ,Healthcare SP G End           ,1,168197090,3,1,20151223,255,1,6819,7090, 
;8:<0800,20472,20151230,20160119,Pers Wash Mid                 ,Mid Gondola                   ,1,168197115,3,255,20151223,2,1,6819,7115, 
:9=30700,179456,20150518,21991231,ChilBsk1                      ,Snacks                        ,1,168199456,3,1,20151223,1,1,6819,9456, 
03080800,504083,20150526,21991231,BBEBFSDU1                     ,BFSDUs                        ,1,168197072,3,255,20151223,1,1,6819,7072, 
09510800,46432,20151005,21991231,ProHair6                      ,Professional Haircare         ,6,100020019,3,1,20151223,1,1,2,19, 
>2:00800,461139,20160120,21991231,Miss Sporty R&R 1 Mod         ,Miss Sporty                   ,1,100020027,3,255,20151223,1,1,2,27, 
:=:90800,21140,20151230,20160119,Mens Mid                      ,Mid Gondola                   ,1,168197115,3,255,20151223,2,1,6819,7115, 
3;610800,156038,20150907,20160103,LFFCab8                       ,Ladies Fine Fragrance Cabinet ,8,100020015,3,1,20151223,255,1,2,15, 
8:60800,491136,20160203,21991231,0000491136                    ,Healthcare SP G End           ,1,168197090,3,255,20151223,1,1,6819,7090, 
;>000800,518620,20150921,21991231,LMasFr1                       ,Ladies Mass Fragrance         ,1,100029642,3,1,20151223,255,1,2,9642, 
00940800,444448,20160120,21991231,Sun Preps Mid                 ,Mid Gondola                   ,1,168197115,3,255,20151223,1,1,6819,7115, 
<:8?0800,103948,20151111,20151225,Snack Mid                     ,Mid Gondola                   ,1,168197115,3,1,20151223,255,1,6819,7115, 
76<30600,138050,20141020,21991231,IndAids1                      ,Independence Aids             ,1,100020008,3,1,20151223,1,1,2,8, 
==:<0800,491062,20151230,20160119,0000491062                    ,Toiletries SP G End           ,1,168197090,3,255,20151223,2,1,6819,7090, 
133>0800,368176,20151005,21991231,Vits12                        ,Vitamins And Comp Therapies   ,12,100020033,3,1,20151223,1,1,2,33, 
779=0800,20228,20151209,20151229,WMD mid                       ,Mid Gondola                   ,1,168197115,3,1,20151223,255,1,6819,7115, 
1;:90800,491070,20151230,20160119,0000491070                    ,Toiletries SP G End           ,1,168197090,3,255,20151223,2,1,6819,7090, 
1>;90800,491151,20151230,20160202,0000491151                    ,Healthcare SP G End           ,1,168197090,3,255,20151223,2,1,6819,7090, 
07870800,488695,20151017,20160110,ChildSeas5                    ,Childrens Seasonal            ,1,100028343,3,255,20151223,1,1,2,8343, 
4>950800,10046,20151125,20151229,CosEnd1                       ,Cosmetics SP G End            ,1,-1,3,1,20151223,255,1,6819,10967, 
=29=0800,274841,20151209,20160105,Batmid1                       ,Mid Gondola                   ,1,168197115,3,1,20151223,1,1,6819,7115, 
18:90800,491035,20151230,20160119,0000491035                    ,Toiletries SP G End           ,1,168197090,3,255,20151223,2,1,6819,7090, 
4=750500,357709,20111224,21991231,Mini Club27                   ,Mini Club                     ,27,100020005,3,1,20151223,1,1,2,5, 
70880800,390642,20160111,21991231,SeaComp1                      ,EB Summer Composite           ,1,100028343,3,255,20151223,1,1,2,8343, 
>590800,233399,20151019,21991231,FPlan3                        ,Family Planning               ,3,100020008,3,1,20151223,1,1,2,8, 
49:70800,199580,20160106,20160119,Nappy BFSDU1                  ,BFSDUs                        ,1,168197072,3,255,20151223,1,1,6819,7072, 
05710800,491060,20151028,20151229,0000491060                    ,Toiletries SP G End           ,1,168197090,3,1,20151223,255,1,6819,7090, 
02020800,521918,20150921,21991231,FlexSp8                       ,Christmas Flexible Space      ,1,100029642,3,1,20151223,255,1,2,9642, 
4?7:0800,139968,20151201,20151229,PPS6G                         ,Prime Promotional Site        ,5,168198701,3,1,20151223,255,1,6819,8701, 
54470800,461231,20150930,21991231,Max Factor R&R 3 Mod          ,Max Factor                    ,3,100020027,3,1,20151223,1,1,2,27, 
;::70800,20221,20160203,21991231,Fam plan mid                  ,Mid Gondola                   ,1,168197115,3,255,20151223,1,1,6819,7115, 
463<0800,87793,20150921,21991231,EBDent1                       ,Electrical Dental             ,1,100020012,3,1,20151223,1,1,2,12, 
1:9;0800,10046,20160120,21991231,CosEnd1                       ,Cosmetics SP G End            ,1,-1,3,255,20151223,1,1,6819,10967, 
5=870800,307533,20151125,20151229,#Max Factor Cosmetics Hot Spot,Max Factor Cosmetics          ,1,-1,3,1,20151223,255,1,6819,10967, 
<9990800,14212,20160111,21991231,KidToil1                      ,Kids Toiletries               ,1,100020034,3,255,20151223,1,1,2,34, 
0040700,262946,20140416,21991231,MaxFactor R&R 3Mod G          ,Max Factor Cosmetics          ,1,100020027,3,1,20151223,1,1,2,27, 
77:20800,491162,20160203,21991231,0000491162                    ,Photo SP G End                ,1,168197090,3,255,20151223,1,1,6819,7090, 
